PassageiroId,Idade,FaixaEtaria,Classe,PortoEmbarqueNum,ParentesIrmao,ParentesFilhos,SexoNum,SaudacaoNum,PassagemPreco,FamiliaQtde,EstaSozinho,TemCabine,Sobreviventes
1,22.0,6.0,3,1,1,0,1,0,7.25,1,0.0,0.0,0
2,38.0,9.0,1,2,1,0,0,1,71.2833,1,0.0,1.0,1
3,26.0,7.0,3,1,0,0,0,2,7.925,0,1.0,0.0,1
4,35.0,9.0,1,1,1,0,0,1,53.1,1,0.0,1.0,1
5,35.0,9.0,3,1,0,0,1,0,8.05,0,1.0,0.0,0
6,,,3,3,0,0,1,0,8.4583,0,1.0,0.0,0
7,54.0,12.0,1,1,0,0,1,0,51.8625,0,1.0,1.0,0
8,2.0,2.0,3,1,3,1,1,3,21.075,4,0.0,0.0,0
9,27.0,7.0,3,1,0,2,0,1,11.1333,2,0.0,0.0,1
10,14.0,4.0,2,2,1,0,0,1,30.0708,1,0.0,0.0,1
11,4.0,2.0,3,1,1,1,0,2,16.7,2,0.0,1.0,1
12,58.0,13.0,1,1,0,0,0,2,26.55,0,1.0,1.0,1
13,20.0,6.0,3,1,0,0,1,0,8.05,0,1.0,0.0,0
14,39.0,9.0,3,1,1,5,1,0,31.275,6,0.0,0.0,0
15,14.0,4.0,3,1,0,0,0,2,7.8542,0,1.0,0.0,0
16,55.0,13.0,2,1,0,0,0,1,16.0,0,1.0,0.0,1
17,2.0,2.0,3,3,4,1,1,3,29.125,5,0.0,0.0,0
18,,,2,1,0,0,1,0,13.0,0,1.0,0.0,1
19,31.0,8.0,3,1,1,0,0,1,18.0,1,0.0,0.0,0
20,,,3,2,0,0,0,1,7.225,0,1.0,0.0,1
21,35.0,9.0,2,1,0,0,1,0,26.0,0,1.0,0.0,0
22,34.0,8.0,2,1,0,0,1,0,13.0,0,1.0,1.0,1
23,15.0,5.0,3,3,0,0,0,2,8.0292,0,1.0,0.0,1
24,28.0,7.0,1,1,0,0,1,0,35.5,0,1.0,1.0,1
25,8.0,3.0,3,1,3,1,0,2,21.075,4,0.0,0.0,0
26,38.0,9.0,3,1,1,5,0,1,31.3875,6,0.0,0.0,1
27,,,3,2,0,0,1,0,7.225,0,1.0,0.0,0
28,19.0,5.0,1,1,3,2,1,0,263.0,5,0.0,1.0,0
29,,,3,3,0,0,0,2,7.8792,0,1.0,0.0,1
30,,,3,1,0,0,1,0,7.8958,0,1.0,0.0,0
31,40.0,10.0,1,2,0,0,1,4,27.7208,0,1.0,0.0,0
32,,,1,2,1,0,0,1,146.5208,1,0.0,1.0,1
33,,,3,3,0,0,0,2,7.75,0,1.0,0.0,1
34,66.0,15.0,2,1,0,0,1,0,10.5,0,1.0,0.0,0
35,28.0,7.0,1,2,1,0,1,0,82.1708,1,0.0,0.0,0
36,42.0,10.0,1,1,1,0,1,0,52.0,1,0.0,0.0,0
37,,,3,2,0,0,1,0,7.2292,0,1.0,0.0,1
38,21.0,6.0,3,1,0,0,1,0,8.05,0,1.0,0.0,0
39,18.0,5.0,3,1,2,0,0,2,18.0,2,0.0,0.0,0
40,14.0,4.0,3,2,1,0,0,2,11.2417,1,0.0,0.0,1
41,40.0,10.0,3,1,1,0,0,1,9.475,1,0.0,0.0,0
42,27.0,7.0,2,1,1,0,0,1,21.0,1,0.0,0.0,0
43,,,3,2,0,0,1,0,7.8958,0,1.0,0.0,0
44,3.0,2.0,2,2,1,2,0,2,41.5792,3,0.0,0.0,1
45,19.0,5.0,3,3,0,0,0,2,7.8792,0,1.0,0.0,1
46,,,3,1,0,0,1,0,8.05,0,1.0,0.0,0
47,,,3,3,1,0,1,0,15.5,1,0.0,0.0,0
48,,,3,3,0,0,0,2,7.75,0,1.0,0.0,1
49,,,3,2,2,0,1,0,21.6792,2,0.0,0.0,0
50,18.0,5.0,3,1,1,0,0,1,17.8,1,0.0,0.0,0
51,7.0,3.0,3,1,4,1,1,3,39.6875,5,0.0,0.0,0
52,21.0,6.0,3,1,0,0,1,0,7.8,0,1.0,0.0,0
53,49.0,11.0,1,2,1,0,0,1,76.7292,1,0.0,1.0,1
54,29.0,7.0,2,1,1,0,0,1,26.0,1,0.0,0.0,1
55,65.0,15.0,1,2,0,1,1,0,61.9792,1,0.0,1.0,0
56,,,1,1,0,0,1,0,35.5,0,1.0,1.0,1
57,21.0,6.0,2,1,0,0,0,2,10.5,0,1.0,0.0,1
58,28.5,7.0,3,2,0,0,1,0,7.2292,0,1.0,0.0,0
59,5.0,3.0,2,1,1,2,0,2,27.75,3,0.0,0.0,1
60,11.0,4.0,3,1,5,2,1,3,46.9,7,0.0,0.0,0
61,22.0,6.0,3,2,0,0,1,0,7.2292,0,1.0,0.0,0
62,38.0,9.0,1,4,0,0,0,2,80.0,0,1.0,1.0,1
63,45.0,11.0,1,1,1,0,1,0,83.475,1,0.0,1.0,0
64,4.0,2.0,3,1,3,2,1,3,27.9,5,0.0,0.0,0
65,,,1,2,0,0,1,0,27.7208,0,1.0,0.0,0
66,,,3,2,1,1,1,3,15.2458,2,0.0,0.0,1
67,29.0,7.0,2,1,0,0,0,1,10.5,0,1.0,1.0,1
68,19.0,5.0,3,1,0,0,1,0,8.1583,0,1.0,0.0,0
69,17.0,5.0,3,1,4,2,0,2,7.925,6,0.0,0.0,1
70,26.0,7.0,3,1,2,0,1,0,8.6625,2,0.0,0.0,0
71,32.0,8.0,2,1,0,0,1,0,10.5,0,1.0,0.0,0
72,16.0,5.0,3,1,5,2,0,2,46.9,7,0.0,0.0,0
73,21.0,6.0,2,1,0,0,1,0,73.5,0,1.0,0.0,0
74,26.0,7.0,3,2,1,0,1,0,14.4542,1,0.0,0.0,0
75,32.0,8.0,3,1,0,0,1,0,56.4958,0,1.0,0.0,1
76,25.0,7.0,3,1,0,0,1,0,7.65,0,1.0,1.0,0
77,,,3,1,0,0,1,0,7.8958,0,1.0,0.0,0
78,,,3,1,0,0,1,0,8.05,0,1.0,0.0,0
79,0.83,1.0,2,1,0,2,1,3,29.0,2,0.0,0.0,1
80,30.0,8.0,3,1,0,0,0,2,12.475,0,1.0,0.0,1
81,22.0,6.0,3,1,0,0,1,0,9.0,0,1.0,0.0,0
82,29.0,7.0,3,1,0,0,1,0,9.5,0,1.0,0.0,1
83,,,3,3,0,0,0,2,7.7875,0,1.0,0.0,1
84,28.0,7.0,1,1,0,0,1,0,47.1,0,1.0,0.0,0
85,17.0,5.0,2,1,0,0,0,2,10.5,0,1.0,0.0,1
86,33.0,8.0,3,1,3,0,0,1,15.85,3,0.0,0.0,1
87,16.0,5.0,3,1,1,3,1,0,34.375,4,0.0,0.0,0
88,,,3,1,0,0,1,0,8.05,0,1.0,0.0,0
89,23.0,6.0,1,1,3,2,0,2,263.0,5,0.0,1.0,1
90,24.0,6.0,3,1,0,0,1,0,8.05,0,1.0,0.0,0
91,29.0,7.0,3,1,0,0,1,0,8.05,0,1.0,0.0,0
92,20.0,6.0,3,1,0,0,1,0,7.8542,0,1.0,0.0,0
93,46.0,11.0,1,1,1,0,1,0,61.175,1,0.0,1.0,0
94,26.0,7.0,3,1,1,2,1,0,20.575,3,0.0,0.0,0
95,59.0,13.0,3,1,0,0,1,0,7.25,0,1.0,0.0,0
96,,,3,1,0,0,1,0,8.05,0,1.0,0.0,0
97,71.0,16.0,1,2,0,0,1,0,34.6542,0,1.0,1.0,0
98,23.0,6.0,1,2,0,1,1,0,63.3583,1,0.0,1.0,1
99,34.0,8.0,2,1,0,1,0,1,23.0,1,0.0,0.0,1
100,34.0,8.0,2,1,1,0,1,0,26.0,1,0.0,0.0,0
101,28.0,7.0,3,1,0,0,0,2,7.8958,0,1.0,0.0,0
102,,,3,1,0,0,1,0,7.8958,0,1.0,0.0,0
103,21.0,6.0,1,1,0,1,1,0,77.2875,1,0.0,1.0,0
104,33.0,8.0,3,1,0,0,1,0,8.6542,0,1.0,0.0,0
105,37.0,9.0,3,1,2,0,1,0,7.925,2,0.0,0.0,0
106,28.0,7.0,3,1,0,0,1,0,7.8958,0,1.0,0.0,0
107,21.0,6.0,3,1,0,0,0,2,7.65,0,1.0,0.0,1
108,,,3,1,0,0,1,0,7.775,0,1.0,0.0,1
109,38.0,9.0,3,1,0,0,1,0,7.8958,0,1.0,0.0,0
110,,,3,3,1,0,0,2,24.15,1,0.0,0.0,1
111,47.0,11.0,1,1,0,0,1,0,52.0,0,1.0,1.0,0
112,14.5,4.0,3,2,1,0,0,2,14.4542,1,0.0,0.0,0
113,22.0,6.0,3,1,0,0,1,0,8.05,0,1.0,0.0,0
114,20.0,6.0,3,1,1,0,0,2,9.825,1,0.0,0.0,0
115,17.0,5.0,3,2,0,0,0,2,14.4583,0,1.0,0.0,0
116,21.0,6.0,3,1,0,0,1,0,7.925,0,1.0,0.0,0
117,70.5,16.0,3,3,0,0,1,0,7.75,0,1.0,0.0,0
118,29.0,7.0,2,1,1,0,1,0,21.0,1,0.0,0.0,0
119,24.0,6.0,1,2,0,1,1,0,247.5208,1,0.0,1.0,0
120,2.0,2.0,3,1,4,2,0,2,31.275,6,0.0,0.0,0
121,21.0,6.0,2,1,2,0,1,0,73.5,2,0.0,0.0,0
122,,,3,1,0,0,1,0,8.05,0,1.0,0.0,0
123,32.5,8.0,2,2,1,0,1,0,30.0708,1,0.0,0.0,0
124,32.5,8.0,2,1,0,0,0,2,13.0,0,1.0,1.0,1
125,54.0,12.0,1,1,0,1,1,0,77.2875,1,0.0,1.0,0
126,12.0,4.0,3,2,1,0,1,3,11.2417,1,0.0,0.0,1
127,,,3,3,0,0,1,0,7.75,0,1.0,0.0,0
128,24.0,6.0,3,1,0,0,1,0,7.1417,0,1.0,0.0,1
129,,,3,2,1,1,0,2,22.3583,2,0.0,1.0,1
130,45.0,11.0,3,1,0,0,1,0,6.975,0,1.0,0.0,0
131,33.0,8.0,3,2,0,0,1,0,7.8958,0,1.0,0.0,0
132,20.0,6.0,3,1,0,0,1,0,7.05,0,1.0,0.0,0
133,47.0,11.0,3,1,1,0,0,1,14.5,1,0.0,0.0,0
134,29.0,7.0,2,1,1,0,0,1,26.0,1,0.0,0.0,1
135,25.0,7.0,2,1,0,0,1,0,13.0,0,1.0,0.0,0
136,23.0,6.0,2,2,0,0,1,0,15.0458,0,1.0,0.0,0
137,19.0,5.0,1,1,0,2,0,2,26.2833,2,0.0,1.0,1
138,37.0,9.0,1,1,1,0,1,0,53.1,1,0.0,1.0,0
139,16.0,5.0,3,1,0,0,1,0,9.2167,0,1.0,0.0,0
140,24.0,6.0,1,2,0,0,1,0,79.2,0,1.0,1.0,0
141,,,3,2,0,2,0,1,15.2458,2,0.0,0.0,0
142,22.0,6.0,3,1,0,0,0,2,7.75,0,1.0,0.0,1
143,24.0,6.0,3,1,1,0,0,1,15.85,1,0.0,0.0,1
144,19.0,5.0,3,3,0,0,1,0,6.75,0,1.0,0.0,0
145,18.0,5.0,2,1,0,0,1,0,11.5,0,1.0,0.0,0
146,19.0,5.0,2,1,1,1,1,0,36.75,2,0.0,0.0,0
147,27.0,7.0,3,1,0,0,1,0,7.7958,0,1.0,0.0,1
148,9.0,3.0,3,1,2,2,0,2,34.375,4,0.0,0.0,0
149,36.5,9.0,2,1,0,2,1,0,26.0,2,0.0,1.0,0
150,42.0,10.0,2,1,0,0,1,5,13.0,0,1.0,0.0,0
151,51.0,12.0,2,1,0,0,1,5,12.525,0,1.0,0.0,0
152,22.0,6.0,1,1,1,0,0,1,66.6,1,0.0,1.0,1
153,55.5,13.0,3,1,0,0,1,0,8.05,0,1.0,0.0,0
154,40.5,10.0,3,1,0,2,1,0,14.5,2,0.0,0.0,0
155,,,3,1,0,0,1,0,7.3125,0,1.0,0.0,0
156,51.0,12.0,1,2,0,1,1,0,61.3792,1,0.0,0.0,0
157,16.0,5.0,3,3,0,0,0,2,7.7333,0,1.0,0.0,1
158,30.0,8.0,3,1,0,0,1,0,8.05,0,1.0,0.0,0
159,,,3,1,0,0,1,0,8.6625,0,1.0,0.0,0
160,,,3,1,8,2,1,3,69.55,10,0.0,0.0,0
161,44.0,10.0,3,1,0,1,1,0,16.1,1,0.0,0.0,0
162,40.0,10.0,2,1,0,0,0,1,15.75,0,1.0,0.0,1
163,26.0,7.0,3,1,0,0,1,0,7.775,0,1.0,0.0,0
164,17.0,5.0,3,1,0,0,1,0,8.6625,0,1.0,0.0,0
165,1.0,2.0,3,1,4,1,1,3,39.6875,5,0.0,0.0,0
166,9.0,3.0,3,1,0,2,1,3,20.525,2,0.0,0.0,1
167,,,1,1,0,1,0,1,55.0,1,0.0,1.0,1
168,45.0,11.0,3,1,1,4,0,1,27.9,5,0.0,0.0,0
169,,,1,1,0,0,1,0,25.925,0,1.0,0.0,0
170,28.0,7.0,3,1,0,0,1,0,56.4958,0,1.0,0.0,0
171,61.0,14.0,1,1,0,0,1,0,33.5,0,1.0,1.0,0
172,4.0,2.0,3,3,4,1,1,3,29.125,5,0.0,0.0,0
173,1.0,2.0,3,1,1,1,0,2,11.1333,2,0.0,0.0,1
174,21.0,6.0,3,1,0,0,1,0,7.925,0,1.0,0.0,0
175,56.0,13.0,1,2,0,0,1,0,30.6958,0,1.0,1.0,0
176,18.0,5.0,3,1,1,1,1,0,7.8542,2,0.0,0.0,0
177,,,3,1,3,1,1,3,25.4667,4,0.0,0.0,0
178,50.0,12.0,1,2,0,0,0,2,28.7125,0,1.0,1.0,0
179,30.0,8.0,2,1,0,0,1,0,13.0,0,1.0,0.0,0
180,36.0,9.0,3,1,0,0,1,0,0.0,0,1.0,0.0,0
181,,,3,1,8,2,0,2,69.55,10,0.0,0.0,0
182,,,2,2,0,0,1,0,15.05,0,1.0,0.0,0
183,9.0,3.0,3,1,4,2,1,3,31.3875,6,0.0,0.0,0
184,1.0,2.0,2,1,2,1,1,3,39.0,3,0.0,1.0,1
185,4.0,2.0,3,1,0,2,0,2,22.025,2,0.0,0.0,1
186,,,1,1,0,0,1,0,50.0,0,1.0,1.0,0
187,,,3,3,1,0,0,1,15.5,1,0.0,0.0,1
188,45.0,11.0,1,1,0,0,1,0,26.55,0,1.0,0.0,1
189,40.0,10.0,3,3,1,1,1,0,15.5,2,0.0,0.0,0
190,36.0,9.0,3,1,0,0,1,0,7.8958,0,1.0,0.0,0
191,32.0,8.0,2,1,0,0,0,1,13.0,0,1.0,0.0,1
192,19.0,5.0,2,1,0,0,1,0,13.0,0,1.0,0.0,0
193,19.0,5.0,3,1,1,0,0,2,7.8542,1,0.0,0.0,1
194,3.0,2.0,2,1,1,1,1,3,26.0,2,0.0,1.0,1
195,44.0,10.0,1,2,0,0,0,1,27.7208,0,1.0,1.0,1
196,58.0,13.0,1,2,0,0,0,2,146.5208,0,1.0,1.0,1
197,,,3,3,0,0,1,0,7.75,0,1.0,0.0,0
198,42.0,10.0,3,1,0,1,1,0,8.4042,1,0.0,0.0,0
199,,,3,3,0,0,0,2,7.75,0,1.0,0.0,1
200,24.0,6.0,2,1,0,0,0,2,13.0,0,1.0,0.0,0
201,28.0,7.0,3,1,0,0,1,0,9.5,0,1.0,0.0,0
202,,,3,1,8,2,1,0,69.55,10,0.0,0.0,0
203,34.0,8.0,3,1,0,0,1,0,6.4958,0,1.0,0.0,0
204,45.5,11.0,3,2,0,0,1,0,7.225,0,1.0,0.0,0
205,18.0,5.0,3,1,0,0,1,0,8.05,0,1.0,0.0,1
206,2.0,2.0,3,1,0,1,0,2,10.4625,1,0.0,1.0,0
207,32.0,8.0,3,1,1,0,1,0,15.85,1,0.0,0.0,0
208,26.0,7.0,3,2,0,0,1,0,18.7875,0,1.0,0.0,1
209,16.0,5.0,3,3,0,0,0,2,7.75,0,1.0,0.0,1
210,40.0,10.0,1,2,0,0,1,0,31.0,0,1.0,1.0,1
211,24.0,6.0,3,1,0,0,1,0,7.05,0,1.0,0.0,0
212,35.0,9.0,2,1,0,0,0,2,21.0,0,1.0,0.0,1
213,22.0,6.0,3,1,0,0,1,0,7.25,0,1.0,0.0,0
214,30.0,8.0,2,1,0,0,1,0,13.0,0,1.0,0.0,0
215,,,3,3,1,0,1,0,7.75,1,0.0,0.0,0
216,31.0,8.0,1,2,1,0,0,2,113.275,1,0.0,1.0,1
217,27.0,7.0,3,1,0,0,0,2,7.925,0,1.0,0.0,1
218,42.0,10.0,2,1,1,0,1,0,27.0,1,0.0,0.0,0
219,32.0,8.0,1,2,0,0,0,2,76.2917,0,1.0,1.0,1
220,30.0,8.0,2,1,0,0,1,0,10.5,0,1.0,0.0,0
221,16.0,5.0,3,1,0,0,1,0,8.05,0,1.0,0.0,1
222,27.0,7.0,2,1,0,0,1,0,13.0,0,1.0,0.0,0
223,51.0,12.0,3,1,0,0,1,0,8.05,0,1.0,0.0,0
224,,,3,1,0,0,1,0,7.8958,0,1.0,0.0,0
225,38.0,9.0,1,1,1,0,1,0,90.0,1,0.0,1.0,1
226,22.0,6.0,3,1,0,0,1,0,9.35,0,1.0,0.0,0
227,19.0,5.0,2,1,0,0,1,0,10.5,0,1.0,0.0,1
228,20.5,6.0,3,1,0,0,1,0,7.25,0,1.0,0.0,0
229,18.0,5.0,2,1,0,0,1,0,13.0,0,1.0,0.0,0
230,,,3,1,3,1,0,2,25.4667,4,0.0,0.0,0
231,35.0,9.0,1,1,1,0,0,1,83.475,1,0.0,1.0,1
232,29.0,7.0,3,1,0,0,1,0,7.775,0,1.0,0.0,0
233,59.0,13.0,2,1,0,0,1,0,13.5,0,1.0,0.0,0
234,5.0,3.0,3,1,4,2,0,2,31.3875,6,0.0,0.0,1
235,24.0,6.0,2,1,0,0,1,0,10.5,0,1.0,0.0,0
236,,,3,1,0,0,0,2,7.55,0,1.0,0.0,0
237,44.0,10.0,2,1,1,0,1,0,26.0,1,0.0,0.0,0
238,8.0,3.0,2,1,0,2,0,2,26.25,2,0.0,0.0,1
239,19.0,5.0,2,1,0,0,1,0,10.5,0,1.0,0.0,0
240,33.0,8.0,2,1,0,0,1,0,12.275,0,1.0,0.0,0
241,,,3,2,1,0,0,2,14.4542,1,0.0,0.0,0
242,,,3,3,1,0,0,2,15.5,1,0.0,0.0,1
243,29.0,7.0,2,1,0,0,1,0,10.5,0,1.0,0.0,0
244,22.0,6.0,3,1,0,0,1,0,7.125,0,1.0,0.0,0
245,30.0,8.0,3,2,0,0,1,0,7.225,0,1.0,0.0,0
246,44.0,10.0,1,3,2,0,1,6,90.0,2,0.0,1.0,0
247,25.0,7.0,3,1,0,0,0,2,7.775,0,1.0,0.0,0
248,24.0,6.0,2,1,0,2,0,1,14.5,2,0.0,0.0,1
249,37.0,9.0,1,1,1,1,1,0,52.5542,2,0.0,1.0,1
250,54.0,12.0,2,1,1,0,1,5,26.0,1,0.0,0.0,0
251,,,3,1,0,0,1,0,7.25,0,1.0,0.0,0
252,29.0,7.0,3,1,1,1,0,1,10.4625,2,0.0,1.0,0
253,62.0,14.0,1,1,0,0,1,0,26.55,0,1.0,1.0,0
254,30.0,8.0,3,1,1,0,1,0,16.1,1,0.0,0.0,0
255,41.0,10.0,3,1,0,2,0,1,20.2125,2,0.0,0.0,0
256,29.0,7.0,3,2,0,2,0,1,15.2458,2,0.0,0.0,1
257,,,1,2,0,0,0,1,79.2,0,1.0,0.0,1
258,30.0,8.0,1,1,0,0,0,2,86.5,0,1.0,1.0,1
259,35.0,9.0,1,2,0,0,0,2,512.3292,0,1.0,0.0,1
260,50.0,12.0,2,1,0,1,0,1,26.0,1,0.0,0.0,1
261,,,3,3,0,0,1,0,7.75,0,1.0,0.0,0
262,3.0,2.0,3,1,4,2,1,3,31.3875,6,0.0,0.0,1
263,52.0,12.0,1,1,1,1,1,0,79.65,2,0.0,1.0,0
264,40.0,10.0,1,1,0,0,1,0,0.0,0,1.0,1.0,0
265,,,3,3,0,0,0,2,7.75,0,1.0,0.0,0
266,36.0,9.0,2,1,0,0,1,0,10.5,0,1.0,0.0,0
267,16.0,5.0,3,1,4,1,1,0,39.6875,5,0.0,0.0,0
268,25.0,7.0,3,1,1,0,1,0,7.775,1,0.0,0.0,1
269,58.0,13.0,1,1,0,1,0,1,153.4625,1,0.0,1.0,1
270,35.0,9.0,1,1,0,0,0,2,135.6333,0,1.0,1.0,1
271,,,1,1,0,0,1,0,31.0,0,1.0,0.0,0
272,25.0,7.0,3,1,0,0,1,0,0.0,0,1.0,0.0,1
273,41.0,10.0,2,1,0,1,0,1,19.5,1,0.0,0.0,1
274,37.0,9.0,1,2,0,1,1,0,29.7,1,0.0,1.0,0
275,,,3,3,0,0,0,2,7.75,0,1.0,0.0,1
276,63.0,14.0,1,1,1,0,0,2,77.9583,1,0.0,1.0,1
277,45.0,11.0,3,1,0,0,0,2,7.75,0,1.0,0.0,0
278,,,2,1,0,0,1,0,0.0,0,1.0,0.0,0
279,7.0,3.0,3,3,4,1,1,3,29.125,5,0.0,0.0,0
280,35.0,9.0,3,1,1,1,0,1,20.25,2,0.0,0.0,1
281,65.0,15.0,3,3,0,0,1,0,7.75,0,1.0,0.0,0
282,28.0,7.0,3,1,0,0,1,0,7.8542,0,1.0,0.0,0
283,16.0,5.0,3,1,0,0,1,0,9.5,0,1.0,0.0,0
284,19.0,5.0,3,1,0,0,1,0,8.05,0,1.0,0.0,1
285,,,1,1,0,0,1,0,26.0,0,1.0,1.0,0
286,33.0,8.0,3,2,0,0,1,0,8.6625,0,1.0,0.0,0
287,30.0,8.0,3,1,0,0,1,0,9.5,0,1.0,0.0,1
288,22.0,6.0,3,1,0,0,1,0,7.8958,0,1.0,0.0,0
289,42.0,10.0,2,1,0,0,1,0,13.0,0,1.0,0.0,1
290,22.0,6.0,3,3,0,0,0,2,7.75,0,1.0,0.0,1
291,26.0,7.0,1,1,0,0,0,2,78.85,0,1.0,0.0,1
292,19.0,5.0,1,2,1,0,0,1,91.0792,1,0.0,1.0,1
293,36.0,9.0,2,2,0,0,1,0,12.875,0,1.0,1.0,0
294,24.0,6.0,3,1,0,0,0,2,8.85,0,1.0,0.0,0
295,24.0,6.0,3,1,0,0,1,0,7.8958,0,1.0,0.0,0
296,,,1,2,0,0,1,0,27.7208,0,1.0,0.0,0
297,23.5,6.0,3,2,0,0,1,0,7.2292,0,1.0,0.0,0
298,2.0,2.0,1,1,1,2,0,2,151.55,3,0.0,1.0,0
299,,,1,1,0,0,1,0,30.5,0,1.0,1.0,1
300,50.0,12.0,1,2,0,1,0,1,247.5208,1,0.0,1.0,1
301,,,3,3,0,0,0,2,7.75,0,1.0,0.0,1
302,,,3,3,2,0,1,0,23.25,2,0.0,0.0,1
303,19.0,5.0,3,1,0,0,1,0,0.0,0,1.0,0.0,0
304,,,2,3,0,0,0,2,12.35,0,1.0,1.0,1
305,,,3,1,0,0,1,0,8.05,0,1.0,0.0,0
306,0.92,1.0,1,1,1,2,1,3,151.55,3,0.0,1.0,1
307,,,1,2,0,0,0,2,110.8833,0,1.0,0.0,1
308,17.0,5.0,1,2,1,0,0,1,108.9,1,0.0,1.0,1
309,30.0,8.0,2,2,1,0,1,0,24.0,1,0.0,0.0,0
310,30.0,8.0,1,2,0,0,0,2,56.9292,0,1.0,1.0,1
311,24.0,6.0,1,2,0,0,0,2,83.1583,0,1.0,1.0,1
312,18.0,5.0,1,2,2,2,0,2,262.375,4,0.0,1.0,1
313,26.0,7.0,2,1,1,1,0,1,26.0,2,0.0,0.0,0
314,28.0,7.0,3,1,0,0,1,0,7.8958,0,1.0,0.0,0
315,43.0,10.0,2,1,1,1,1,0,26.25,2,0.0,0.0,0
316,26.0,7.0,3,1,0,0,0,2,7.8542,0,1.0,0.0,1
317,24.0,6.0,2,1,1,0,0,1,26.0,1,0.0,0.0,1
318,54.0,12.0,2,1,0,0,1,6,14.0,0,1.0,0.0,0
319,31.0,8.0,1,1,0,2,0,2,164.8667,2,0.0,1.0,1
320,40.0,10.0,1,2,1,1,0,1,134.5,2,0.0,1.0,1
321,22.0,6.0,3,1,0,0,1,0,7.25,0,1.0,0.0,0
322,27.0,7.0,3,1,0,0,1,0,7.8958,0,1.0,0.0,0
323,30.0,8.0,2,3,0,0,0,2,12.35,0,1.0,0.0,1
324,22.0,6.0,2,1,1,1,0,1,29.0,2,0.0,0.0,1
325,,,3,1,8,2,1,0,69.55,10,0.0,0.0,0
326,36.0,9.0,1,2,0,0,0,2,135.6333,0,1.0,1.0,1
327,61.0,14.0,3,1,0,0,1,0,6.2375,0,1.0,0.0,0
328,36.0,9.0,2,1,0,0,0,1,13.0,0,1.0,1.0,1
329,31.0,8.0,3,1,1,1,0,1,20.525,2,0.0,0.0,1
330,16.0,5.0,1,2,0,1,0,2,57.9792,1,0.0,1.0,1
331,,,3,3,2,0,0,2,23.25,2,0.0,0.0,1
332,45.5,11.0,1,1,0,0,1,0,28.5,0,1.0,1.0,0
333,38.0,9.0,1,1,0,1,1,0,153.4625,1,0.0,1.0,0
334,16.0,5.0,3,1,2,0,1,0,18.0,2,0.0,0.0,0
335,,,1,1,1,0,0,1,133.65,1,0.0,0.0,1
336,,,3,1,0,0,1,0,7.8958,0,1.0,0.0,0
337,29.0,7.0,1,1,1,0,1,0,66.6,1,0.0,1.0,0
338,41.0,10.0,1,2,0,0,0,2,134.5,0,1.0,1.0,1
339,45.0,11.0,3,1,0,0,1,0,8.05,0,1.0,0.0,1
340,45.0,11.0,1,1,0,0,1,0,35.5,0,1.0,1.0,0
341,2.0,2.0,2,1,1,1,1,3,26.0,2,0.0,1.0,1
342,24.0,6.0,1,1,3,2,0,2,263.0,5,0.0,1.0,1
343,28.0,7.0,2,1,0,0,1,0,13.0,0,1.0,0.0,0
344,25.0,7.0,2,1,0,0,1,0,13.0,0,1.0,0.0,0
345,36.0,9.0,2,1,0,0,1,0,13.0,0,1.0,0.0,0
346,24.0,6.0,2,1,0,0,0,2,13.0,0,1.0,1.0,1
347,40.0,10.0,2,1,0,0,0,2,13.0,0,1.0,0.0,1
348,,,3,1,1,0,0,1,16.1,1,0.0,0.0,1
349,3.0,2.0,3,1,1,1,1,3,15.9,2,0.0,0.0,1
350,42.0,10.0,3,1,0,0,1,0,8.6625,0,1.0,0.0,0
351,23.0,6.0,3,1,0,0,1,0,9.225,0,1.0,0.0,0
352,,,1,1,0,0,1,0,35.0,0,1.0,1.0,0
353,15.0,5.0,3,2,1,1,1,0,7.2292,2,0.0,0.0,0
354,25.0,7.0,3,1,1,0,1,0,17.8,1,0.0,0.0,0
355,,,3,2,0,0,1,0,7.225,0,1.0,0.0,0
356,28.0,7.0,3,1,0,0,1,0,9.5,0,1.0,0.0,0
357,22.0,6.0,1,1,0,1,0,2,55.0,1,0.0,1.0,1
358,38.0,9.0,2,1,0,0,0,2,13.0,0,1.0,0.0,0
359,,,3,3,0,0,0,2,7.8792,0,1.0,0.0,1
360,,,3,3,0,0,0,2,7.8792,0,1.0,0.0,1
361,40.0,10.0,3,1,1,4,1,0,27.9,5,0.0,0.0,0
362,29.0,7.0,2,2,1,0,1,0,27.7208,1,0.0,0.0,0
363,45.0,11.0,3,2,0,1,0,1,14.4542,1,0.0,0.0,0
364,35.0,9.0,3,1,0,0,1,0,7.05,0,1.0,0.0,0
365,,,3,3,1,0,1,0,15.5,1,0.0,0.0,0
366,30.0,8.0,3,1,0,0,1,0,7.25,0,1.0,0.0,0
367,60.0,14.0,1,2,1,0,0,1,75.25,1,0.0,1.0,1
368,,,3,2,0,0,0,1,7.2292,0,1.0,0.0,1
369,,,3,3,0,0,0,2,7.75,0,1.0,0.0,1
370,24.0,6.0,1,2,0,0,0,7,69.3,0,1.0,1.0,1
371,25.0,7.0,1,2,1,0,1,0,55.4417,1,0.0,1.0,1
372,18.0,5.0,3,1,1,0,1,0,6.4958,1,0.0,0.0,0
373,19.0,5.0,3,1,0,0,1,0,8.05,0,1.0,0.0,0
374,22.0,6.0,1,2,0,0,1,0,135.6333,0,1.0,0.0,0
375,3.0,2.0,3,1,3,1,0,2,21.075,4,0.0,0.0,0
376,,,1,2,1,0,0,1,82.1708,1,0.0,0.0,1
377,22.0,6.0,3,1,0,0,0,2,7.25,0,1.0,0.0,1
378,27.0,7.0,1,2,0,2,1,0,211.5,2,0.0,1.0,0
379,20.0,6.0,3,2,0,0,1,0,4.0125,0,1.0,0.0,0
380,19.0,5.0,3,1,0,0,1,0,7.775,0,1.0,0.0,0
381,42.0,10.0,1,2,0,0,0,2,227.525,0,1.0,0.0,1
382,1.0,2.0,3,2,0,2,0,2,15.7417,2,0.0,0.0,1
383,32.0,8.0,3,1,0,0,1,0,7.925,0,1.0,0.0,0
384,35.0,9.0,1,1,1,0,0,1,52.0,1,0.0,0.0,1
385,,,3,1,0,0,1,0,7.8958,0,1.0,0.0,0
386,18.0,5.0,2,1,0,0,1,0,73.5,0,1.0,0.0,0
387,1.0,2.0,3,1,5,2,1,3,46.9,7,0.0,0.0,0
388,36.0,9.0,2,1,0,0,0,2,13.0,0,1.0,0.0,1
389,,,3,3,0,0,1,0,7.7292,0,1.0,0.0,0
390,17.0,5.0,2,2,0,0,0,2,12.0,0,1.0,0.0,1
391,36.0,9.0,1,1,1,2,1,0,120.0,3,0.0,1.0,1
392,21.0,6.0,3,1,0,0,1,0,7.7958,0,1.0,0.0,1
393,28.0,7.0,3,1,2,0,1,0,7.925,2,0.0,0.0,0
394,23.0,6.0,1,2,1,0,0,2,113.275,1,0.0,1.0,1
395,24.0,6.0,3,1,0,2,0,1,16.7,2,0.0,1.0,1
396,22.0,6.0,3,1,0,0,1,0,7.7958,0,1.0,0.0,0
397,31.0,8.0,3,1,0,0,0,2,7.8542,0,1.0,0.0,0
398,46.0,11.0,2,1,0,0,1,0,26.0,0,1.0,0.0,0
399,23.0,6.0,2,1,0,0,1,6,10.5,0,1.0,0.0,0
400,28.0,7.0,2,1,0,0,0,1,12.65,0,1.0,0.0,1
401,39.0,9.0,3,1,0,0,1,0,7.925,0,1.0,0.0,1
402,26.0,7.0,3,1,0,0,1,0,8.05,0,1.0,0.0,0
403,21.0,6.0,3,1,1,0,0,2,9.825,1,0.0,0.0,0
404,28.0,7.0,3,1,1,0,1,0,15.85,1,0.0,0.0,0
405,20.0,6.0,3,1,0,0,0,2,8.6625,0,1.0,0.0,0
406,34.0,8.0,2,1,1,0,1,0,21.0,1,0.0,0.0,0
407,51.0,12.0,3,1,0,0,1,0,7.75,0,1.0,0.0,0
408,3.0,2.0,2,1,1,1,1,3,18.75,2,0.0,0.0,1
409,21.0,6.0,3,1,0,0,1,0,7.775,0,1.0,0.0,0
410,,,3,1,3,1,0,2,25.4667,4,0.0,0.0,0
411,,,3,1,0,0,1,0,7.8958,0,1.0,0.0,0
412,,,3,3,0,0,1,0,6.8583,0,1.0,0.0,0
413,33.0,8.0,1,3,1,0,0,2,90.0,1,0.0,1.0,1
414,,,2,1,0,0,1,0,0.0,0,1.0,0.0,0
415,44.0,10.0,3,1,0,0,1,0,7.925,0,1.0,0.0,1
416,,,3,1,0,0,0,1,8.05,0,1.0,0.0,0
417,34.0,8.0,2,1,1,1,0,1,32.5,2,0.0,0.0,1
418,18.0,5.0,2,1,0,2,0,2,13.0,2,0.0,0.0,1
419,30.0,8.0,2,1,0,0,1,0,13.0,0,1.0,0.0,0
420,10.0,4.0,3,1,0,2,0,2,24.15,2,0.0,0.0,0
421,,,3,2,0,0,1,0,7.8958,0,1.0,0.0,0
422,21.0,6.0,3,3,0,0,1,0,7.7333,0,1.0,0.0,0
423,29.0,7.0,3,1,0,0,1,0,7.875,0,1.0,0.0,0
424,28.0,7.0,3,1,1,1,0,1,14.4,2,0.0,0.0,0
425,18.0,5.0,3,1,1,1,1,0,20.2125,2,0.0,0.0,0
426,,,3,1,0,0,1,0,7.25,0,1.0,0.0,0
427,28.0,7.0,2,1,1,0,0,1,26.0,1,0.0,0.0,1
428,19.0,5.0,2,1,0,0,0,2,26.0,0,1.0,0.0,1
429,,,3,3,0,0,1,0,7.75,0,1.0,0.0,0
430,32.0,8.0,3,1,0,0,1,0,8.05,0,1.0,1.0,1
431,28.0,7.0,1,1,0,0,1,0,26.55,0,1.0,1.0,1
432,,,3,1,1,0,0,1,16.1,1,0.0,0.0,1
433,42.0,10.0,2,1,1,0,0,1,26.0,1,0.0,0.0,1
434,17.0,5.0,3,1,0,0,1,0,7.125,0,1.0,0.0,0
435,50.0,12.0,1,1,1,0,1,0,55.9,1,0.0,1.0,0
436,14.0,4.0,1,1,1,2,0,2,120.0,3,0.0,1.0,1
437,21.0,6.0,3,1,2,2,0,2,34.375,4,0.0,0.0,0
438,24.0,6.0,2,1,2,3,0,1,18.75,5,0.0,0.0,1
439,64.0,14.0,1,1,1,4,1,0,263.0,5,0.0,1.0,0
440,31.0,8.0,2,1,0,0,1,0,10.5,0,1.0,0.0,0
441,45.0,11.0,2,1,1,1,0,1,26.25,2,0.0,0.0,1
442,20.0,6.0,3,1,0,0,1,0,9.5,0,1.0,0.0,0
443,25.0,7.0,3,1,1,0,1,0,7.775,1,0.0,0.0,0
444,28.0,7.0,2,1,0,0,0,8,13.0,0,1.0,0.0,1
445,,,3,1,0,0,1,0,8.1125,0,1.0,0.0,1
446,4.0,2.0,1,1,0,2,1,3,81.8583,2,0.0,1.0,1
447,13.0,4.0,2,1,0,1,0,2,19.5,1,0.0,0.0,1
448,34.0,8.0,1,1,0,0,1,0,26.55,0,1.0,0.0,1
449,5.0,3.0,3,2,2,1,0,2,19.2583,3,0.0,0.0,1
450,52.0,12.0,1,1,0,0,1,9,30.5,0,1.0,1.0,1
451,36.0,9.0,2,1,1,2,1,0,27.75,3,0.0,0.0,0
452,,,3,1,1,0,1,0,19.9667,1,0.0,0.0,0
453,30.0,8.0,1,2,0,0,1,0,27.75,0,1.0,1.0,0
454,49.0,11.0,1,2,1,0,1,0,89.1042,1,0.0,1.0,1
455,,,3,1,0,0,1,0,8.05,0,1.0,0.0,0
456,29.0,7.0,3,2,0,0,1,0,7.8958,0,1.0,0.0,1
457,65.0,15.0,1,1,0,0,1,0,26.55,0,1.0,1.0,0
458,,,1,1,1,0,0,1,51.8625,1,0.0,1.0,1
459,50.0,12.0,2,1,0,0,0,2,10.5,0,1.0,0.0,1
460,,,3,3,0,0,1,0,7.75,0,1.0,0.0,0
461,48.0,11.0,1,1,0,0,1,0,26.55,0,1.0,1.0,1
462,34.0,8.0,3,1,0,0,1,0,8.05,0,1.0,0.0,0
463,47.0,11.0,1,1,0,0,1,0,38.5,0,1.0,1.0,0
464,48.0,11.0,2,1,0,0,1,0,13.0,0,1.0,0.0,0
465,,,3,1,0,0,1,0,8.05,0,1.0,0.0,0
466,38.0,9.0,3,1,0,0,1,0,7.05,0,1.0,0.0,0
467,,,2,1,0,0,1,0,0.0,0,1.0,0.0,0
468,56.0,13.0,1,1,0,0,1,0,26.55,0,1.0,0.0,0
469,,,3,3,0,0,1,0,7.725,0,1.0,0.0,0
470,0.75,1.0,3,2,2,1,0,2,19.2583,3,0.0,0.0,1
471,,,3,1,0,0,1,0,7.25,0,1.0,0.0,0
472,38.0,9.0,3,1,0,0,1,0,8.6625,0,1.0,0.0,0
473,33.0,8.0,2,1,1,2,0,1,27.75,3,0.0,0.0,1
474,23.0,6.0,2,2,0,0,0,1,13.7917,0,1.0,1.0,1
475,22.0,6.0,3,1,0,0,0,2,9.8375,0,1.0,0.0,0
476,,,1,1,0,0,1,0,52.0,0,1.0,1.0,0
477,34.0,8.0,2,1,1,0,1,0,21.0,1,0.0,0.0,0
478,29.0,7.0,3,1,1,0,1,0,7.0458,1,0.0,0.0,0
479,22.0,6.0,3,1,0,0,1,0,7.5208,0,1.0,0.0,0
480,2.0,2.0,3,1,0,1,0,2,12.2875,1,0.0,0.0,1
481,9.0,3.0,3,1,5,2,1,3,46.9,7,0.0,0.0,0
482,,,2,1,0,0,1,0,0.0,0,1.0,0.0,0
483,50.0,12.0,3,1,0,0,1,0,8.05,0,1.0,0.0,0
484,63.0,14.0,3,1,0,0,0,1,9.5875,0,1.0,0.0,1
485,25.0,7.0,1,2,1,0,1,0,91.0792,1,0.0,1.0,1
486,,,3,1,3,1,0,2,25.4667,4,0.0,0.0,0
487,35.0,9.0,1,1,1,0,0,1,90.0,1,0.0,1.0,1
488,58.0,13.0,1,2,0,0,1,0,29.7,0,1.0,1.0,0
489,30.0,8.0,3,1,0,0,1,0,8.05,0,1.0,0.0,0
490,9.0,3.0,3,1,1,1,1,3,15.9,2,0.0,0.0,1
491,,,3,1,1,0,1,0,19.9667,1,0.0,0.0,0
492,21.0,6.0,3,1,0,0,1,0,7.25,0,1.0,0.0,0
493,55.0,13.0,1,1,0,0,1,0,30.5,0,1.0,1.0,0
494,71.0,16.0,1,2,0,0,1,0,49.5042,0,1.0,0.0,0
495,21.0,6.0,3,1,0,0,1,0,8.05,0,1.0,0.0,0
496,,,3,2,0,0,1,0,14.4583,0,1.0,0.0,0
497,54.0,12.0,1,2,1,0,0,2,78.2667,1,0.0,1.0,1
498,,,3,1,0,0,1,0,15.1,0,1.0,0.0,0
499,25.0,7.0,1,1,1,2,0,1,151.55,3,0.0,1.0,0
500,24.0,6.0,3,1,0,0,1,0,7.7958,0,1.0,0.0,0
501,17.0,5.0,3,1,0,0,1,0,8.6625,0,1.0,0.0,0
502,21.0,6.0,3,3,0,0,0,2,7.75,0,1.0,0.0,0
503,,,3,3,0,0,0,2,7.6292,0,1.0,0.0,0
504,37.0,9.0,3,1,0,0,0,2,9.5875,0,1.0,0.0,0
505,16.0,5.0,1,1,0,0,0,2,86.5,0,1.0,1.0,1
506,18.0,5.0,1,2,1,0,1,0,108.9,1,0.0,1.0,0
507,33.0,8.0,2,1,0,2,0,1,26.0,2,0.0,0.0,1
508,,,1,1,0,0,1,0,26.55,0,1.0,0.0,1
509,28.0,7.0,3,1,0,0,1,0,22.525,0,1.0,0.0,0
510,26.0,7.0,3,1,0,0,1,0,56.4958,0,1.0,0.0,1
511,29.0,7.0,3,3,0,0,1,0,7.75,0,1.0,0.0,1
512,,,3,1,0,0,1,0,8.05,0,1.0,0.0,0
513,36.0,9.0,1,1,0,0,1,0,26.2875,0,1.0,1.0,1
514,54.0,12.0,1,2,1,0,0,1,59.4,1,0.0,0.0,1
515,24.0,6.0,3,1,0,0,1,0,7.4958,0,1.0,0.0,0
516,47.0,11.0,1,1,0,0,1,0,34.0208,0,1.0,1.0,0
517,34.0,8.0,2,1,0,0,0,1,10.5,0,1.0,1.0,1
518,,,3,3,0,0,1,0,24.15,0,1.0,0.0,0
519,36.0,9.0,2,1,1,0,0,1,26.0,1,0.0,0.0,1
520,32.0,8.0,3,1,0,0,1,0,7.8958,0,1.0,0.0,0
521,30.0,8.0,1,1,0,0,0,2,93.5,0,1.0,1.0,1
522,22.0,6.0,3,1,0,0,1,0,7.8958,0,1.0,0.0,0
523,,,3,2,0,0,1,0,7.225,0,1.0,0.0,0
524,44.0,10.0,1,2,0,1,0,1,57.9792,1,0.0,1.0,1
525,,,3,2,0,0,1,0,7.2292,0,1.0,0.0,0
526,40.5,10.0,3,3,0,0,1,0,7.75,0,1.0,0.0,0
527,50.0,12.0,2,1,0,0,0,2,10.5,0,1.0,0.0,1
528,,,1,1,0,0,1,0,221.7792,0,1.0,1.0,0
529,39.0,9.0,3,1,0,0,1,0,7.925,0,1.0,0.0,0
530,23.0,6.0,2,1,2,1,1,0,11.5,3,0.0,0.0,0
531,2.0,2.0,2,1,1,1,0,2,26.0,2,0.0,0.0,1
532,,,3,2,0,0,1,0,7.2292,0,1.0,0.0,0
533,17.0,5.0,3,2,1,1,1,0,7.2292,2,0.0,0.0,0
534,,,3,2,0,2,0,1,22.3583,2,0.0,0.0,1
535,30.0,8.0,3,1,0,0,0,2,8.6625,0,1.0,0.0,0
536,7.0,3.0,2,1,0,2,0,2,26.25,2,0.0,0.0,1
537,45.0,11.0,1,1,0,0,1,9,26.55,0,1.0,1.0,0
538,30.0,8.0,1,2,0,0,0,2,106.425,0,1.0,0.0,1
539,,,3,1,0,0,1,0,14.5,0,1.0,0.0,0
540,22.0,6.0,1,2,0,2,0,2,49.5,2,0.0,1.0,1
541,36.0,9.0,1,1,0,2,0,2,71.0,2,0.0,1.0,1
542,9.0,3.0,3,1,4,2,0,2,31.275,6,0.0,0.0,0
543,11.0,4.0,3,1,4,2,0,2,31.275,6,0.0,0.0,0
544,32.0,8.0,2,1,1,0,1,0,26.0,1,0.0,0.0,1
545,50.0,12.0,1,2,1,0,1,0,106.425,1,0.0,1.0,0
546,64.0,14.0,1,1,0,0,1,0,26.0,0,1.0,0.0,0
547,19.0,5.0,2,1,1,0,0,1,26.0,1,0.0,0.0,1
548,,,2,2,0,0,1,0,13.8625,0,1.0,0.0,1
549,33.0,8.0,3,1,1,1,1,0,20.525,2,0.0,0.0,0
550,8.0,3.0,2,1,1,1,1,3,36.75,2,0.0,0.0,1
551,17.0,5.0,1,2,0,2,1,0,110.8833,2,0.0,1.0,1
552,27.0,7.0,2,1,0,0,1,0,26.0,0,1.0,0.0,0
553,,,3,3,0,0,1,0,7.8292,0,1.0,0.0,0
554,22.0,6.0,3,2,0,0,1,0,7.225,0,1.0,0.0,1
555,22.0,6.0,3,1,0,0,0,2,7.775,0,1.0,0.0,1
556,62.0,14.0,1,1,0,0,1,0,26.55,0,1.0,0.0,0
557,48.0,11.0,1,2,1,0,0,10,39.6,1,0.0,1.0,1
558,,,1,2,0,0,1,0,227.525,0,1.0,0.0,0
559,39.0,9.0,1,1,1,1,0,1,79.65,2,0.0,1.0,1
560,36.0,9.0,3,1,1,0,0,1,17.4,1,0.0,0.0,1
561,,,3,3,0,0,1,0,7.75,0,1.0,0.0,0
562,40.0,10.0,3,1,0,0,1,0,7.8958,0,1.0,0.0,0
563,28.0,7.0,2,1,0,0,1,0,13.5,0,1.0,0.0,0
564,,,3,1,0,0,1,0,8.05,0,1.0,0.0,0
565,,,3,1,0,0,0,2,8.05,0,1.0,0.0,0
566,24.0,6.0,3,1,2,0,1,0,24.15,2,0.0,0.0,0
567,19.0,5.0,3,1,0,0,1,0,7.8958,0,1.0,0.0,0
568,29.0,7.0,3,1,0,4,0,1,21.075,4,0.0,0.0,0
569,,,3,2,0,0,1,0,7.2292,0,1.0,0.0,0
570,32.0,8.0,3,1,0,0,1,0,7.8542,0,1.0,0.0,1
571,62.0,14.0,2,1,0,0,1,0,10.5,0,1.0,0.0,1
572,53.0,12.0,1,1,2,0,0,1,51.4792,2,0.0,1.0,1
573,36.0,9.0,1,1,0,0,1,0,26.3875,0,1.0,1.0,1
574,,,3,3,0,0,0,2,7.75,0,1.0,0.0,1
575,16.0,5.0,3,1,0,0,1,0,8.05,0,1.0,0.0,0
576,19.0,5.0,3,1,0,0,1,0,14.5,0,1.0,0.0,0
577,34.0,8.0,2,1,0,0,0,2,13.0,0,1.0,0.0,1
578,39.0,9.0,1,1,1,0,0,1,55.9,1,0.0,1.0,1
579,,,3,2,1,0,0,1,14.4583,1,0.0,0.0,0
580,32.0,8.0,3,1,0,0,1,0,7.925,0,1.0,0.0,1
581,25.0,7.0,2,1,1,1,0,2,30.0,2,0.0,0.0,1
582,39.0,9.0,1,2,1,1,0,1,110.8833,2,0.0,1.0,1
583,54.0,12.0,2,1,0,0,1,0,26.0,0,1.0,0.0,0
584,36.0,9.0,1,2,0,0,1,0,40.125,0,1.0,1.0,0
585,,,3,2,0,0,1,0,8.7125,0,1.0,0.0,0
586,18.0,5.0,1,1,0,2,0,2,79.65,2,0.0,1.0,1
587,47.0,11.0,2,1,0,0,1,0,15.0,0,1.0,0.0,0
588,60.0,14.0,1,2,1,1,1,0,79.2,2,0.0,1.0,1
589,22.0,6.0,3,1,0,0,1,0,8.05,0,1.0,0.0,0
590,,,3,1,0,0,1,0,8.05,0,1.0,0.0,0
591,35.0,9.0,3,1,0,0,1,0,7.125,0,1.0,0.0,0
592,52.0,12.0,1,2,1,0,0,1,78.2667,1,0.0,1.0,1
593,47.0,11.0,3,1,0,0,1,0,7.25,0,1.0,0.0,0
594,,,3,3,0,2,0,2,7.75,2,0.0,0.0,0
595,37.0,9.0,2,1,1,0,1,0,26.0,1,0.0,0.0,0
596,36.0,9.0,3,1,1,1,1,0,24.15,2,0.0,0.0,0
597,,,2,1,0,0,0,2,33.0,0,1.0,0.0,1
598,49.0,11.0,3,1,0,0,1,0,0.0,0,1.0,0.0,0
599,,,3,2,0,0,1,0,7.225,0,1.0,0.0,0
600,49.0,11.0,1,2,1,0,1,11,56.9292,1,0.0,1.0,1
601,24.0,6.0,2,1,2,1,0,1,27.0,3,0.0,0.0,1
602,,,3,1,0,0,1,0,7.8958,0,1.0,0.0,0
603,,,1,1,0,0,1,0,42.4,0,1.0,0.0,0
604,44.0,10.0,3,1,0,0,1,0,8.05,0,1.0,0.0,0
605,35.0,9.0,1,2,0,0,1,0,26.55,0,1.0,0.0,1
606,36.0,9.0,3,1,1,0,1,0,15.55,1,0.0,0.0,0
607,30.0,8.0,3,1,0,0,1,0,7.8958,0,1.0,0.0,0
608,27.0,7.0,1,1,0,0,1,0,30.5,0,1.0,0.0,1
609,22.0,6.0,2,2,1,2,0,1,41.5792,3,0.0,0.0,1
610,40.0,10.0,1,1,0,0,0,2,153.4625,0,1.0,1.0,1
611,39.0,9.0,3,1,1,5,0,1,31.275,6,0.0,0.0,0
612,,,3,1,0,0,1,0,7.05,0,1.0,0.0,0
613,,,3,3,1,0,0,2,15.5,1,0.0,0.0,1
614,,,3,3,0,0,1,0,7.75,0,1.0,0.0,0
615,35.0,9.0,3,1,0,0,1,0,8.05,0,1.0,0.0,0
616,24.0,6.0,2,1,1,2,0,2,65.0,3,0.0,0.0,1
617,34.0,8.0,3,1,1,1,1,0,14.4,2,0.0,0.0,0
618,26.0,7.0,3,1,1,0,0,1,16.1,1,0.0,0.0,0
619,4.0,2.0,2,1,2,1,0,2,39.0,3,0.0,1.0,1
620,26.0,7.0,2,1,0,0,1,0,10.5,0,1.0,0.0,0
621,27.0,7.0,3,2,1,0,1,0,14.4542,1,0.0,0.0,0
622,42.0,10.0,1,1,1,0,1,0,52.5542,1,0.0,1.0,1
623,20.0,6.0,3,2,1,1,1,0,15.7417,2,0.0,0.0,1
624,21.0,6.0,3,1,0,0,1,0,7.8542,0,1.0,0.0,0
625,21.0,6.0,3,1,0,0,1,0,16.1,0,1.0,0.0,0
626,61.0,14.0,1,1,0,0,1,0,32.3208,0,1.0,1.0,0
627,57.0,13.0,2,3,0,0,1,5,12.35,0,1.0,0.0,0
628,21.0,6.0,1,1,0,0,0,2,77.9583,0,1.0,1.0,1
629,26.0,7.0,3,1,0,0,1,0,7.8958,0,1.0,0.0,0
630,,,3,3,0,0,1,0,7.7333,0,1.0,0.0,0
631,80.0,18.0,1,1,0,0,1,0,30.0,0,1.0,1.0,1
632,51.0,12.0,3,1,0,0,1,0,7.0542,0,1.0,0.0,0
633,32.0,8.0,1,2,0,0,1,6,30.5,0,1.0,1.0,1
634,,,1,1,0,0,1,0,0.0,0,1.0,0.0,0
635,9.0,3.0,3,1,3,2,0,2,27.9,5,0.0,0.0,0
636,28.0,7.0,2,1,0,0,0,2,13.0,0,1.0,0.0,1
637,32.0,8.0,3,1,0,0,1,0,7.925,0,1.0,0.0,0
638,31.0,8.0,2,1,1,1,1,0,26.25,2,0.0,0.0,0
639,41.0,10.0,3,1,0,5,0,1,39.6875,5,0.0,0.0,0
640,,,3,1,1,0,1,0,16.1,1,0.0,0.0,0
641,20.0,6.0,3,1,0,0,1,0,7.8542,0,1.0,0.0,0
642,24.0,6.0,1,2,0,0,0,12,69.3,0,1.0,1.0,1
643,2.0,2.0,3,1,3,2,0,2,27.9,5,0.0,0.0,0
644,,,3,1,0,0,1,0,56.4958,0,1.0,0.0,1
645,0.75,1.0,3,2,2,1,0,2,19.2583,3,0.0,0.0,1
646,48.0,11.0,1,2,1,0,1,0,76.7292,1,0.0,1.0,1
647,19.0,5.0,3,1,0,0,1,0,7.8958,0,1.0,0.0,0
648,56.0,13.0,1,2,0,0,1,13,35.5,0,1.0,1.0,1
649,,,3,1,0,0,1,0,7.55,0,1.0,0.0,0
650,23.0,6.0,3,1,0,0,0,2,7.55,0,1.0,0.0,1
651,,,3,1,0,0,1,0,7.8958,0,1.0,0.0,0
652,18.0,5.0,2,1,0,1,0,2,23.0,1,0.0,0.0,1
653,21.0,6.0,3,1,0,0,1,0,8.4333,0,1.0,0.0,0
654,,,3,3,0,0,0,2,7.8292,0,1.0,0.0,1
655,18.0,5.0,3,3,0,0,0,2,6.75,0,1.0,0.0,0
656,24.0,6.0,2,1,2,0,1,0,73.5,2,0.0,0.0,0
657,,,3,1,0,0,1,0,7.8958,0,1.0,0.0,0
658,32.0,8.0,3,3,1,1,0,1,15.5,2,0.0,0.0,0
659,23.0,6.0,2,1,0,0,1,0,13.0,0,1.0,0.0,0
660,58.0,13.0,1,2,0,2,1,0,113.275,2,0.0,1.0,0
661,50.0,12.0,1,1,2,0,1,6,133.65,2,0.0,0.0,1
662,40.0,10.0,3,2,0,0,1,0,7.225,0,1.0,0.0,0
663,47.0,11.0,1,1,0,0,1,0,25.5875,0,1.0,1.0,0
664,36.0,9.0,3,1,0,0,1,0,7.4958,0,1.0,0.0,0
665,20.0,6.0,3,1,1,0,1,0,7.925,1,0.0,0.0,1
666,32.0,8.0,2,1,2,0,1,0,73.5,2,0.0,0.0,0
667,25.0,7.0,2,1,0,0,1,0,13.0,0,1.0,0.0,0
668,,,3,1,0,0,1,0,7.775,0,1.0,0.0,0
669,43.0,10.0,3,1,0,0,1,0,8.05,0,1.0,0.0,0
670,,,1,1,1,0,0,1,52.0,1,0.0,1.0,1
671,40.0,10.0,2,1,1,1,0,1,39.0,2,0.0,0.0,1
672,31.0,8.0,1,1,1,0,1,0,52.0,1,0.0,1.0,0
673,70.0,16.0,2,1,0,0,1,0,10.5,0,1.0,0.0,0
674,31.0,8.0,2,1,0,0,1,0,13.0,0,1.0,0.0,1
675,,,2,1,0,0,1,0,0.0,0,1.0,0.0,0
676,18.0,5.0,3,1,0,0,1,0,7.775,0,1.0,0.0,0
677,24.5,6.0,3,1,0,0,1,0,8.05,0,1.0,0.0,0
678,18.0,5.0,3,1,0,0,0,2,9.8417,0,1.0,0.0,1
679,43.0,10.0,3,1,1,6,0,1,46.9,7,0.0,0.0,0
680,36.0,9.0,1,2,0,1,1,0,512.3292,1,0.0,1.0,1
681,,,3,3,0,0,0,2,8.1375,0,1.0,0.0,0
682,27.0,7.0,1,2,0,0,1,0,76.7292,0,1.0,1.0,1
683,20.0,6.0,3,1,0,0,1,0,9.225,0,1.0,0.0,0
684,14.0,4.0,3,1,5,2,1,0,46.9,7,0.0,0.0,0
685,60.0,14.0,2,1,1,1,1,0,39.0,2,0.0,0.0,0
686,25.0,7.0,2,2,1,2,1,0,41.5792,3,0.0,0.0,0
687,14.0,4.0,3,1,4,1,1,0,39.6875,5,0.0,0.0,0
688,19.0,5.0,3,1,0,0,1,0,10.1708,0,1.0,0.0,0
689,18.0,5.0,3,1,0,0,1,0,7.7958,0,1.0,0.0,0
690,15.0,5.0,1,1,0,1,0,2,211.3375,1,0.0,1.0,1
691,31.0,8.0,1,1,1,0,1,0,57.0,1,0.0,1.0,1
692,4.0,2.0,3,2,0,1,0,2,13.4167,1,0.0,0.0,1
693,,,3,1,0,0,1,0,56.4958,0,1.0,0.0,1
694,25.0,7.0,3,2,0,0,1,0,7.225,0,1.0,0.0,0
695,60.0,14.0,1,1,0,0,1,13,26.55,0,1.0,0.0,0
696,52.0,12.0,2,1,0,0,1,0,13.5,0,1.0,0.0,0
697,44.0,10.0,3,1,0,0,1,0,8.05,0,1.0,0.0,0
698,,,3,3,0,0,0,2,7.7333,0,1.0,0.0,1
699,49.0,11.0,1,2,1,1,1,0,110.8833,2,0.0,1.0,0
700,42.0,10.0,3,1,0,0,1,0,7.65,0,1.0,1.0,0
701,18.0,5.0,1,2,1,0,0,1,227.525,1,0.0,1.0,1
702,35.0,9.0,1,1,0,0,1,0,26.2875,0,1.0,1.0,1
703,18.0,5.0,3,2,0,1,0,2,14.4542,1,0.0,0.0,0
704,25.0,7.0,3,3,0,0,1,0,7.7417,0,1.0,0.0,0
705,26.0,7.0,3,1,1,0,1,0,7.8542,1,0.0,0.0,0
706,39.0,9.0,2,1,0,0,1,0,26.0,0,1.0,0.0,0
707,45.0,11.0,2,1,0,0,0,1,13.5,0,1.0,0.0,1
708,42.0,10.0,1,1,0,0,1,0,26.2875,0,1.0,1.0,1
709,22.0,6.0,1,1,0,0,0,2,151.55,0,1.0,0.0,1
710,,,3,2,1,1,1,3,15.2458,2,0.0,0.0,1
711,24.0,6.0,1,2,0,0,0,12,49.5042,0,1.0,1.0,1
712,,,1,1,0,0,1,0,26.55,0,1.0,1.0,0
713,48.0,11.0,1,1,1,0,1,0,52.0,1,0.0,1.0,1
714,29.0,7.0,3,1,0,0,1,0,9.4833,0,1.0,0.0,0
715,52.0,12.0,2,1,0,0,1,0,13.0,0,1.0,0.0,0
716,19.0,5.0,3,1,0,0,1,0,7.65,0,1.0,1.0,0
717,38.0,9.0,1,2,0,0,0,2,227.525,0,1.0,1.0,1
718,27.0,7.0,2,1,0,0,0,2,10.5,0,1.0,1.0,1
719,,,3,3,0,0,1,0,15.5,0,1.0,0.0,0
720,33.0,8.0,3,1,0,0,1,0,7.775,0,1.0,0.0,0
721,6.0,3.0,2,1,0,1,0,2,33.0,1,0.0,0.0,1
722,17.0,5.0,3,1,1,0,1,0,7.0542,1,0.0,0.0,0
723,34.0,8.0,2,1,0,0,1,0,13.0,0,1.0,0.0,0
724,50.0,12.0,2,1,0,0,1,0,13.0,0,1.0,0.0,0
725,27.0,7.0,1,1,1,0,1,0,53.1,1,0.0,1.0,1
726,20.0,6.0,3,1,0,0,1,0,8.6625,0,1.0,0.0,0
727,30.0,8.0,2,1,3,0,0,1,21.0,3,0.0,0.0,1
728,,,3,3,0,0,0,2,7.7375,0,1.0,0.0,1
729,25.0,7.0,2,1,1,0,1,0,26.0,1,0.0,0.0,0
730,25.0,7.0,3,1,1,0,0,2,7.925,1,0.0,0.0,0
731,29.0,7.0,1,1,0,0,0,2,211.3375,0,1.0,1.0,1
732,11.0,4.0,3,2,0,0,1,0,18.7875,0,1.0,0.0,0
733,,,2,1,0,0,1,0,0.0,0,1.0,0.0,0
734,23.0,6.0,2,1,0,0,1,0,13.0,0,1.0,0.0,0
735,23.0,6.0,2,1,0,0,1,0,13.0,0,1.0,0.0,0
736,28.5,7.0,3,1,0,0,1,0,16.1,0,1.0,0.0,0
737,48.0,11.0,3,1,1,3,0,1,34.375,4,0.0,0.0,0
738,35.0,9.0,1,2,0,0,1,0,512.3292,0,1.0,1.0,1
739,,,3,1,0,0,1,0,7.8958,0,1.0,0.0,0
740,,,3,1,0,0,1,0,7.8958,0,1.0,0.0,0
741,,,1,1,0,0,1,0,30.0,0,1.0,1.0,1
742,36.0,9.0,1,1,1,0,1,0,78.85,1,0.0,1.0,0
743,21.0,6.0,1,2,2,2,0,2,262.375,4,0.0,1.0,1
744,24.0,6.0,3,1,1,0,1,0,16.1,1,0.0,0.0,0
745,31.0,8.0,3,1,0,0,1,0,7.925,0,1.0,0.0,1
746,70.0,16.0,1,1,1,1,1,14,71.0,2,0.0,1.0,0
747,16.0,5.0,3,1,1,1,1,0,20.25,2,0.0,0.0,0
748,30.0,8.0,2,1,0,0,0,2,13.0,0,1.0,0.0,1
749,19.0,5.0,1,1,1,0,1,0,53.1,1,0.0,1.0,0
750,31.0,8.0,3,3,0,0,1,0,7.75,0,1.0,0.0,0
751,4.0,2.0,2,1,1,1,0,2,23.0,2,0.0,0.0,1
752,6.0,3.0,3,1,0,1,1,3,12.475,1,0.0,1.0,1
753,33.0,8.0,3,1,0,0,1,0,9.5,0,1.0,0.0,0
754,23.0,6.0,3,1,0,0,1,0,7.8958,0,1.0,0.0,0
755,48.0,11.0,2,1,1,2,0,1,65.0,3,0.0,0.0,1
756,0.67,1.0,2,1,1,1,1,3,14.5,2,0.0,0.0,1
757,28.0,7.0,3,1,0,0,1,0,7.7958,0,1.0,0.0,0
758,18.0,5.0,2,1,0,0,1,0,11.5,0,1.0,0.0,0
759,34.0,8.0,3,1,0,0,1,0,8.05,0,1.0,0.0,0
760,33.0,8.0,1,1,0,0,0,15,86.5,0,1.0,1.0,1
761,,,3,1,0,0,1,0,14.5,0,1.0,0.0,0
762,41.0,10.0,3,1,0,0,1,0,7.125,0,1.0,0.0,0
763,20.0,6.0,3,2,0,0,1,0,7.2292,0,1.0,0.0,1
764,36.0,9.0,1,1,1,2,0,1,120.0,3,0.0,1.0,1
765,16.0,5.0,3,1,0,0,1,0,7.775,0,1.0,0.0,0
766,51.0,12.0,1,1,1,0,0,1,77.9583,1,0.0,1.0,1
767,,,1,2,0,0,1,6,39.6,0,1.0,0.0,0
768,30.5,8.0,3,3,0,0,0,2,7.75,0,1.0,0.0,0
769,,,3,3,1,0,1,0,24.15,1,0.0,0.0,0
770,32.0,8.0,3,1,0,0,1,0,8.3625,0,1.0,0.0,0
771,24.0,6.0,3,1,0,0,1,0,9.5,0,1.0,0.0,0
772,48.0,11.0,3,1,0,0,1,0,7.8542,0,1.0,0.0,0
773,57.0,13.0,2,1,0,0,0,1,10.5,0,1.0,1.0,0
774,,,3,2,0,0,1,0,7.225,0,1.0,0.0,0
775,54.0,12.0,2,1,1,3,0,1,23.0,4,0.0,0.0,1
776,18.0,5.0,3,1,0,0,1,0,7.75,0,1.0,0.0,0
777,,,3,3,0,0,1,0,7.75,0,1.0,1.0,0
778,5.0,3.0,3,1,0,0,0,2,12.475,0,1.0,0.0,1
779,,,3,3,0,0,1,0,7.7375,0,1.0,0.0,0
780,43.0,10.0,1,1,0,1,0,1,211.3375,1,0.0,1.0,1
781,13.0,4.0,3,2,0,0,0,2,7.2292,0,1.0,0.0,1
782,17.0,5.0,1,1,1,0,0,1,57.0,1,0.0,1.0,1
783,29.0,7.0,1,1,0,0,1,0,30.0,0,1.0,1.0,0
784,,,3,1,1,2,1,0,23.45,3,0.0,0.0,0
785,25.0,7.0,3,1,0,0,1,0,7.05,0,1.0,0.0,0
786,25.0,7.0,3,1,0,0,1,0,7.25,0,1.0,0.0,0
787,18.0,5.0,3,1,0,0,0,2,7.4958,0,1.0,0.0,1
788,8.0,3.0,3,3,4,1,1,3,29.125,5,0.0,0.0,0
789,1.0,2.0,3,1,1,2,1,3,20.575,3,0.0,0.0,1
790,46.0,11.0,1,2,0,0,1,0,79.2,0,1.0,1.0,0
791,,,3,3,0,0,1,0,7.75,0,1.0,0.0,0
792,16.0,5.0,2,1,0,0,1,0,26.0,0,1.0,0.0,0
793,,,3,1,8,2,0,2,69.55,10,0.0,0.0,0
794,,,1,2,0,0,1,0,30.6958,0,1.0,0.0,0
795,25.0,7.0,3,1,0,0,1,0,7.8958,0,1.0,0.0,0
796,39.0,9.0,2,1,0,0,1,0,13.0,0,1.0,0.0,0
797,49.0,11.0,1,1,0,0,0,6,25.9292,0,1.0,1.0,1
798,31.0,8.0,3,1,0,0,0,1,8.6833,0,1.0,0.0,1
799,30.0,8.0,3,2,0,0,1,0,7.2292,0,1.0,0.0,0
800,30.0,8.0,3,1,1,1,0,1,24.15,2,0.0,0.0,0
801,34.0,8.0,2,1,0,0,1,0,13.0,0,1.0,0.0,0
802,31.0,8.0,2,1,1,1,0,1,26.25,2,0.0,0.0,1
803,11.0,4.0,1,1,1,2,1,3,120.0,3,0.0,1.0,1
804,0.42,1.0,3,2,0,1,1,3,8.5167,1,0.0,0.0,1
805,27.0,7.0,3,1,0,0,1,0,6.975,0,1.0,0.0,1
806,31.0,8.0,3,1,0,0,1,0,7.775,0,1.0,0.0,0
807,39.0,9.0,1,1,0,0,1,0,0.0,0,1.0,1.0,0
808,18.0,5.0,3,1,0,0,0,2,7.775,0,1.0,0.0,0
809,39.0,9.0,2,1,0,0,1,0,13.0,0,1.0,0.0,0
810,33.0,8.0,1,1,1,0,0,1,53.1,1,0.0,1.0,1
811,26.0,7.0,3,1,0,0,1,0,7.8875,0,1.0,0.0,0
812,39.0,9.0,3,1,0,0,1,0,24.15,0,1.0,0.0,0
813,35.0,9.0,2,1,0,0,1,0,10.5,0,1.0,0.0,0
814,6.0,3.0,3,1,4,2,0,2,31.275,6,0.0,0.0,0
815,30.5,8.0,3,1,0,0,1,0,8.05,0,1.0,0.0,0
816,,,1,1,0,0,1,0,0.0,0,1.0,1.0,0
817,23.0,6.0,3,1,0,0,0,2,7.925,0,1.0,0.0,0
818,31.0,8.0,2,2,1,1,1,0,37.0042,2,0.0,0.0,0
819,43.0,10.0,3,1,0,0,1,0,6.45,0,1.0,0.0,0
820,10.0,4.0,3,1,3,2,1,3,27.9,5,0.0,0.0,0
821,52.0,12.0,1,1,1,1,0,1,93.5,2,0.0,1.0,1
822,27.0,7.0,3,1,0,0,1,0,8.6625,0,1.0,0.0,1
823,38.0,9.0,1,1,0,0,1,16,0.0,0,1.0,0.0,0
824,27.0,7.0,3,1,0,1,0,1,12.475,1,0.0,1.0,1
825,2.0,2.0,3,1,4,1,1,3,39.6875,5,0.0,0.0,0
826,,,3,3,0,0,1,0,6.95,0,1.0,0.0,0
827,,,3,1,0,0,1,0,56.4958,0,1.0,0.0,0
828,1.0,2.0,2,2,0,2,1,3,37.0042,2,0.0,0.0,1
829,,,3,3,0,0,1,0,7.75,0,1.0,0.0,1
830,62.0,14.0,1,4,0,0,0,1,80.0,0,1.0,1.0,1
831,15.0,5.0,3,2,1,0,0,1,14.4542,1,0.0,0.0,1
832,0.83,1.0,2,1,1,1,1,3,18.75,2,0.0,0.0,1
833,,,3,2,0,0,1,0,7.2292,0,1.0,0.0,0
834,23.0,6.0,3,1,0,0,1,0,7.8542,0,1.0,0.0,0
835,18.0,5.0,3,1,0,0,1,0,8.3,0,1.0,0.0,0
836,39.0,9.0,1,2,1,1,0,2,83.1583,2,0.0,1.0,1
837,21.0,6.0,3,1,0,0,1,0,8.6625,0,1.0,0.0,0
838,,,3,1,0,0,1,0,8.05,0,1.0,0.0,0
839,32.0,8.0,3,1,0,0,1,0,56.4958,0,1.0,0.0,1
840,,,1,2,0,0,1,0,29.7,0,1.0,1.0,1
841,20.0,6.0,3,1,0,0,1,0,7.925,0,1.0,0.0,0
842,16.0,5.0,2,1,0,0,1,0,10.5,0,1.0,0.0,0
843,30.0,8.0,1,2,0,0,0,2,31.0,0,1.0,0.0,1
844,34.5,8.0,3,2,0,0,1,0,6.4375,0,1.0,0.0,0
845,17.0,5.0,3,1,0,0,1,0,8.6625,0,1.0,0.0,0
846,42.0,10.0,3,1,0,0,1,0,7.55,0,1.0,0.0,0
847,,,3,1,8,2,1,0,69.55,10,0.0,0.0,0
848,35.0,9.0,3,2,0,0,1,0,7.8958,0,1.0,0.0,0
849,28.0,7.0,2,1,0,1,1,5,33.0,1,0.0,0.0,0
850,,,1,2,1,0,0,1,89.1042,1,0.0,1.0,1
851,4.0,2.0,3,1,4,2,1,3,31.275,6,0.0,0.0,0
852,74.0,16.0,3,1,0,0,1,0,7.775,0,1.0,0.0,0
853,9.0,3.0,3,2,1,1,0,2,15.2458,2,0.0,0.0,0
854,16.0,5.0,1,1,0,1,0,2,39.4,1,0.0,1.0,1
855,44.0,10.0,2,1,1,0,0,1,26.0,1,0.0,0.0,0
856,18.0,5.0,3,1,0,1,0,1,9.35,1,0.0,0.0,1
857,45.0,11.0,1,1,1,1,0,1,164.8667,2,0.0,0.0,1
858,51.0,12.0,1,1,0,0,1,0,26.55,0,1.0,1.0,1
859,24.0,6.0,3,2,0,3,0,1,19.2583,3,0.0,0.0,1
860,,,3,2,0,0,1,0,7.2292,0,1.0,0.0,0
861,41.0,10.0,3,1,2,0,1,0,14.1083,2,0.0,0.0,0
862,21.0,6.0,2,1,1,0,1,0,11.5,1,0.0,0.0,0
863,48.0,11.0,1,1,0,0,0,1,25.9292,0,1.0,1.0,1
864,,,3,1,8,2,0,2,69.55,10,0.0,0.0,0
865,24.0,6.0,2,1,0,0,1,0,13.0,0,1.0,0.0,0
866,42.0,10.0,2,1,0,0,0,1,13.0,0,1.0,0.0,1
867,27.0,7.0,2,2,1,0,0,2,13.8583,1,0.0,0.0,1
868,31.0,8.0,1,1,0,0,1,0,50.4958,0,1.0,1.0,0
869,,,3,1,0,0,1,0,9.5,0,1.0,0.0,0
870,4.0,2.0,3,1,1,1,1,3,11.1333,2,0.0,0.0,1
871,26.0,7.0,3,1,0,0,1,0,7.8958,0,1.0,0.0,0
872,47.0,11.0,1,1,1,1,0,1,52.5542,2,0.0,1.0,1
873,33.0,8.0,1,1,0,0,1,0,5.0,0,1.0,1.0,0
874,47.0,11.0,3,1,0,0,1,0,9.0,0,1.0,0.0,0
875,28.0,7.0,2,2,1,0,0,1,24.0,1,0.0,0.0,1
876,15.0,5.0,3,2,0,0,0,2,7.225,0,1.0,0.0,1
877,20.0,6.0,3,1,0,0,1,0,9.8458,0,1.0,0.0,0
878,19.0,5.0,3,1,0,0,1,0,7.8958,0,1.0,0.0,0
879,,,3,1,0,0,1,0,7.8958,0,1.0,0.0,0
880,56.0,13.0,1,2,0,1,0,1,83.1583,1,0.0,1.0,1
881,25.0,7.0,2,1,0,1,0,1,26.0,1,0.0,0.0,1
882,33.0,8.0,3,1,0,0,1,0,7.8958,0,1.0,0.0,0
883,22.0,6.0,3,1,0,0,0,2,10.5167,0,1.0,0.0,0
884,28.0,7.0,2,1,0,0,1,0,10.5,0,1.0,0.0,0
885,25.0,7.0,3,1,0,0,1,0,7.05,0,1.0,0.0,0
886,39.0,9.0,3,3,0,5,0,1,29.125,5,0.0,0.0,0
887,27.0,7.0,2,1,0,0,1,5,13.0,0,1.0,0.0,0
888,19.0,5.0,1,1,0,0,0,2,30.0,0,1.0,1.0,1
889,,,3,1,1,2,0,2,23.45,3,0.0,0.0,0
890,26.0,7.0,1,2,0,0,1,0,30.0,0,1.0,1.0,1
891,32.0,8.0,3,3,0,0,1,0,7.75,0,1.0,0.0,0
