PassageiroId,Classe,PortoEmbarqueNum,ParentesIrmao,ParentesFilhos,SexoNum,SaudacaoNum,PassagemPreco,FamiliaQtde,Sobreviventes
1,3,1,1,0,1,0,7.25,1,0
2,1,2,1,0,0,1,71.2833,1,1
3,3,1,0,0,0,2,7.925,0,1
4,1,1,1,0,0,1,53.1,1,1
5,3,1,0,0,1,0,8.05,0,0
7,1,1,0,0,1,0,51.8625,0,0
8,3,1,3,1,1,3,21.075,4,0
9,3,1,0,2,0,1,11.1333,2,1
10,2,2,1,0,0,1,30.0708,1,1
11,3,1,1,1,0,2,16.7,2,1
12,1,1,0,0,0,2,26.55,0,1
13,3,1,0,0,1,0,8.05,0,0
14,3,1,1,5,1,0,31.275,6,0
15,3,1,0,0,0,2,7.8542,0,0
16,2,1,0,0,0,1,16.0,0,1
17,3,3,4,1,1,3,29.125,5,0
19,3,1,1,0,0,1,18.0,1,0
21,2,1,0,0,1,0,26.0,0,0
22,2,1,0,0,1,0,13.0,0,1
23,3,3,0,0,0,2,8.0292,0,1
24,1,1,0,0,1,0,35.5,0,1
25,3,1,3,1,0,2,21.075,4,0
26,3,1,1,5,0,1,31.3875,6,1
28,1,1,3,2,1,0,263.0,5,0
31,1,2,0,0,1,4,27.7208,0,0
34,2,1,0,0,1,0,10.5,0,0
35,1,2,1,0,1,0,82.1708,1,0
36,1,1,1,0,1,0,52.0,1,0
38,3,1,0,0,1,0,8.05,0,0
39,3,1,2,0,0,2,18.0,2,0
40,3,2,1,0,0,2,11.2417,1,1
41,3,1,1,0,0,1,9.475,1,0
42,2,1,1,0,0,1,21.0,1,0
44,2,2,1,2,0,2,41.5792,3,1
45,3,3,0,0,0,2,7.8792,0,1
50,3,1,1,0,0,1,17.8,1,0
51,3,1,4,1,1,3,39.6875,5,0
52,3,1,0,0,1,0,7.8,0,0
53,1,2,1,0,0,1,76.7292,1,1
54,2,1,1,0,0,1,26.0,1,1
55,1,2,0,1,1,0,61.9792,1,0
57,2,1,0,0,0,2,10.5,0,1
58,3,2,0,0,1,0,7.2292,0,0
59,2,1,1,2,0,2,27.75,3,1
60,3,1,5,2,1,3,46.9,7,0
61,3,2,0,0,1,0,7.2292,0,0
62,1,4,0,0,0,2,80.0,0,1
63,1,1,1,0,1,0,83.475,1,0
64,3,1,3,2,1,3,27.9,5,0
67,2,1,0,0,0,1,10.5,0,1
68,3,1,0,0,1,0,8.1583,0,0
69,3,1,4,2,0,2,7.925,6,1
70,3,1,2,0,1,0,8.6625,2,0
71,2,1,0,0,1,0,10.5,0,0
72,3,1,5,2,0,2,46.9,7,0
73,2,1,0,0,1,0,73.5,0,0
74,3,2,1,0,1,0,14.4542,1,0
75,3,1,0,0,1,0,56.4958,0,1
76,3,1,0,0,1,0,7.65,0,0
79,2,1,0,2,1,3,29.0,2,1
80,3,1,0,0,0,2,12.475,0,1
81,3,1,0,0,1,0,9.0,0,0
82,3,1,0,0,1,0,9.5,0,1
84,1,1,0,0,1,0,47.1,0,0
85,2,1,0,0,0,2,10.5,0,1
86,3,1,3,0,0,1,15.85,3,1
87,3,1,1,3,1,0,34.375,4,0
89,1,1,3,2,0,2,263.0,5,1
90,3,1,0,0,1,0,8.05,0,0
91,3,1,0,0,1,0,8.05,0,0
92,3,1,0,0,1,0,7.8542,0,0
93,1,1,1,0,1,0,61.175,1,0
94,3,1,1,2,1,0,20.575,3,0
95,3,1,0,0,1,0,7.25,0,0
97,1,2,0,0,1,0,34.6542,0,0
98,1,2,0,1,1,0,63.3583,1,1
99,2,1,0,1,0,1,23.0,1,1
100,2,1,1,0,1,0,26.0,1,0
101,3,1,0,0,0,2,7.8958,0,0
103,1,1,0,1,1,0,77.2875,1,0
104,3,1,0,0,1,0,8.6542,0,0
105,3,1,2,0,1,0,7.925,2,0
106,3,1,0,0,1,0,7.8958,0,0
107,3,1,0,0,0,2,7.65,0,1
109,3,1,0,0,1,0,7.8958,0,0
111,1,1,0,0,1,0,52.0,0,0
112,3,2,1,0,0,2,14.4542,1,0
113,3,1,0,0,1,0,8.05,0,0
114,3,1,1,0,0,2,9.825,1,0
115,3,2,0,0,0,2,14.4583,0,0
116,3,1,0,0,1,0,7.925,0,0
117,3,3,0,0,1,0,7.75,0,0
118,2,1,1,0,1,0,21.0,1,0
119,1,2,0,1,1,0,247.5208,1,0
120,3,1,4,2,0,2,31.275,6,0
121,2,1,2,0,1,0,73.5,2,0
123,2,2,1,0,1,0,30.0708,1,0
124,2,1,0,0,0,2,13.0,0,1
125,1,1,0,1,1,0,77.2875,1,0
126,3,2,1,0,1,3,11.2417,1,1
128,3,1,0,0,1,0,7.1417,0,1
130,3,1,0,0,1,0,6.975,0,0
131,3,2,0,0,1,0,7.8958,0,0
132,3,1,0,0,1,0,7.05,0,0
133,3,1,1,0,0,1,14.5,1,0
134,2,1,1,0,0,1,26.0,1,1
135,2,1,0,0,1,0,13.0,0,0
136,2,2,0,0,1,0,15.0458,0,0
137,1,1,0,2,0,2,26.2833,2,1
138,1,1,1,0,1,0,53.1,1,0
139,3,1,0,0,1,0,9.2167,0,0
140,1,2,0,0,1,0,79.2,0,0
142,3,1,0,0,0,2,7.75,0,1
143,3,1,1,0,0,1,15.85,1,1
144,3,3,0,0,1,0,6.75,0,0
145,2,1,0,0,1,0,11.5,0,0
146,2,1,1,1,1,0,36.75,2,0
147,3,1,0,0,1,0,7.7958,0,1
148,3,1,2,2,0,2,34.375,4,0
149,2,1,0,2,1,0,26.0,2,0
150,2,1,0,0,1,5,13.0,0,0
151,2,1,0,0,1,5,12.525,0,0
152,1,1,1,0,0,1,66.6,1,1
153,3,1,0,0,1,0,8.05,0,0
154,3,1,0,2,1,0,14.5,2,0
156,1,2,0,1,1,0,61.3792,1,0
157,3,3,0,0,0,2,7.7333,0,1
158,3,1,0,0,1,0,8.05,0,0
161,3,1,0,1,1,0,16.1,1,0
162,2,1,0,0,0,1,15.75,0,1
163,3,1,0,0,1,0,7.775,0,0
164,3,1,0,0,1,0,8.6625,0,0
165,3,1,4,1,1,3,39.6875,5,0
166,3,1,0,2,1,3,20.525,2,1
168,3,1,1,4,0,1,27.9,5,0
170,3,1,0,0,1,0,56.4958,0,0
171,1,1,0,0,1,0,33.5,0,0
172,3,3,4,1,1,3,29.125,5,0
173,3,1,1,1,0,2,11.1333,2,1
174,3,1,0,0,1,0,7.925,0,0
175,1,2,0,0,1,0,30.6958,0,0
176,3,1,1,1,1,0,7.8542,2,0
178,1,2,0,0,0,2,28.7125,0,0
179,2,1,0,0,1,0,13.0,0,0
180,3,1,0,0,1,0,0.0,0,0
183,3,1,4,2,1,3,31.3875,6,0
184,2,1,2,1,1,3,39.0,3,1
185,3,1,0,2,0,2,22.025,2,1
188,1,1,0,0,1,0,26.55,0,1
189,3,3,1,1,1,0,15.5,2,0
190,3,1,0,0,1,0,7.8958,0,0
191,2,1,0,0,0,1,13.0,0,1
192,2,1,0,0,1,0,13.0,0,0
193,3,1,1,0,0,2,7.8542,1,1
194,2,1,1,1,1,3,26.0,2,1
195,1,2,0,0,0,1,27.7208,0,1
196,1,2,0,0,0,2,146.5208,0,1
198,3,1,0,1,1,0,8.4042,1,0
200,2,1,0,0,0,2,13.0,0,0
201,3,1,0,0,1,0,9.5,0,0
203,3,1,0,0,1,0,6.4958,0,0
204,3,2,0,0,1,0,7.225,0,0
205,3,1,0,0,1,0,8.05,0,1
206,3,1,0,1,0,2,10.4625,1,0
207,3,1,1,0,1,0,15.85,1,0
208,3,2,0,0,1,0,18.7875,0,1
209,3,3,0,0,0,2,7.75,0,1
210,1,2,0,0,1,0,31.0,0,1
211,3,1,0,0,1,0,7.05,0,0
212,2,1,0,0,0,2,21.0,0,1
213,3,1,0,0,1,0,7.25,0,0
214,2,1,0,0,1,0,13.0,0,0
216,1,2,1,0,0,2,113.275,1,1
217,3,1,0,0,0,2,7.925,0,1
218,2,1,1,0,1,0,27.0,1,0
219,1,2,0,0,0,2,76.2917,0,1
220,2,1,0,0,1,0,10.5,0,0
221,3,1,0,0,1,0,8.05,0,1
222,2,1,0,0,1,0,13.0,0,0
223,3,1,0,0,1,0,8.05,0,0
225,1,1,1,0,1,0,90.0,1,1
226,3,1,0,0,1,0,9.35,0,0
227,2,1,0,0,1,0,10.5,0,1
228,3,1,0,0,1,0,7.25,0,0
229,2,1,0,0,1,0,13.0,0,0
231,1,1,1,0,0,1,83.475,1,1
232,3,1,0,0,1,0,7.775,0,0
233,2,1,0,0,1,0,13.5,0,0
234,3,1,4,2,0,2,31.3875,6,1
235,2,1,0,0,1,0,10.5,0,0
237,2,1,1,0,1,0,26.0,1,0
238,2,1,0,2,0,2,26.25,2,1
239,2,1,0,0,1,0,10.5,0,0
240,2,1,0,0,1,0,12.275,0,0
243,2,1,0,0,1,0,10.5,0,0
244,3,1,0,0,1,0,7.125,0,0
245,3,2,0,0,1,0,7.225,0,0
246,1,3,2,0,1,6,90.0,2,0
247,3,1,0,0,0,2,7.775,0,0
248,2,1,0,2,0,1,14.5,2,1
249,1,1,1,1,1,0,52.5542,2,1
250,2,1,1,0,1,5,26.0,1,0
252,3,1,1,1,0,1,10.4625,2,0
253,1,1,0,0,1,0,26.55,0,0
254,3,1,1,0,1,0,16.1,1,0
255,3,1,0,2,0,1,20.2125,2,0
256,3,2,0,2,0,1,15.2458,2,1
258,1,1,0,0,0,2,86.5,0,1
259,1,2,0,0,0,2,512.3292,0,1
260,2,1,0,1,0,1,26.0,1,1
262,3,1,4,2,1,3,31.3875,6,1
263,1,1,1,1,1,0,79.65,2,0
264,1,1,0,0,1,0,0.0,0,0
266,2,1,0,0,1,0,10.5,0,0
267,3,1,4,1,1,0,39.6875,5,0
268,3,1,1,0,1,0,7.775,1,1
269,1,1,0,1,0,1,153.4625,1,1
270,1,1,0,0,0,2,135.6333,0,1
272,3,1,0,0,1,0,0.0,0,1
273,2,1,0,1,0,1,19.5,1,1
274,1,2,0,1,1,0,29.7,1,0
276,1,1,1,0,0,2,77.9583,1,1
277,3,1,0,0,0,2,7.75,0,0
279,3,3,4,1,1,3,29.125,5,0
280,3,1,1,1,0,1,20.25,2,1
281,3,3,0,0,1,0,7.75,0,0
282,3,1,0,0,1,0,7.8542,0,0
283,3,1,0,0,1,0,9.5,0,0
284,3,1,0,0,1,0,8.05,0,1
286,3,2,0,0,1,0,8.6625,0,0
287,3,1,0,0,1,0,9.5,0,1
288,3,1,0,0,1,0,7.8958,0,0
289,2,1,0,0,1,0,13.0,0,1
290,3,3,0,0,0,2,7.75,0,1
291,1,1,0,0,0,2,78.85,0,1
292,1,2,1,0,0,1,91.0792,1,1
293,2,2,0,0,1,0,12.875,0,0
294,3,1,0,0,0,2,8.85,0,0
295,3,1,0,0,1,0,7.8958,0,0
297,3,2,0,0,1,0,7.2292,0,0
298,1,1,1,2,0,2,151.55,3,0
300,1,2,0,1,0,1,247.5208,1,1
303,3,1,0,0,1,0,0.0,0,0
306,1,1,1,2,1,3,151.55,3,1
308,1,2,1,0,0,1,108.9,1,1
309,2,2,1,0,1,0,24.0,1,0
310,1,2,0,0,0,2,56.9292,0,1
311,1,2,0,0,0,2,83.1583,0,1
312,1,2,2,2,0,2,262.375,4,1
313,2,1,1,1,0,1,26.0,2,0
314,3,1,0,0,1,0,7.8958,0,0
315,2,1,1,1,1,0,26.25,2,0
316,3,1,0,0,0,2,7.8542,0,1
317,2,1,1,0,0,1,26.0,1,1
318,2,1,0,0,1,6,14.0,0,0
319,1,1,0,2,0,2,164.8667,2,1
320,1,2,1,1,0,1,134.5,2,1
321,3,1,0,0,1,0,7.25,0,0
322,3,1,0,0,1,0,7.8958,0,0
323,2,3,0,0,0,2,12.35,0,1
324,2,1,1,1,0,1,29.0,2,1
326,1,2,0,0,0,2,135.6333,0,1
327,3,1,0,0,1,0,6.2375,0,0
328,2,1,0,0,0,1,13.0,0,1
329,3,1,1,1,0,1,20.525,2,1
330,1,2,0,1,0,2,57.9792,1,1
332,1,1,0,0,1,0,28.5,0,0
333,1,1,0,1,1,0,153.4625,1,0
334,3,1,2,0,1,0,18.0,2,0
337,1,1,1,0,1,0,66.6,1,0
338,1,2,0,0,0,2,134.5,0,1
339,3,1,0,0,1,0,8.05,0,1
340,1,1,0,0,1,0,35.5,0,0
341,2,1,1,1,1,3,26.0,2,1
342,1,1,3,2,0,2,263.0,5,1
343,2,1,0,0,1,0,13.0,0,0
344,2,1,0,0,1,0,13.0,0,0
345,2,1,0,0,1,0,13.0,0,0
346,2,1,0,0,0,2,13.0,0,1
347,2,1,0,0,0,2,13.0,0,1
349,3,1,1,1,1,3,15.9,2,1
350,3,1,0,0,1,0,8.6625,0,0
351,3,1,0,0,1,0,9.225,0,0
353,3,2,1,1,1,0,7.2292,2,0
354,3,1,1,0,1,0,17.8,1,0
356,3,1,0,0,1,0,9.5,0,0
357,1,1,0,1,0,2,55.0,1,1
358,2,1,0,0,0,2,13.0,0,0
361,3,1,1,4,1,0,27.9,5,0
362,2,2,1,0,1,0,27.7208,1,0
363,3,2,0,1,0,1,14.4542,1,0
364,3,1,0,0,1,0,7.05,0,0
366,3,1,0,0,1,0,7.25,0,0
367,1,2,1,0,0,1,75.25,1,1
370,1,2,0,0,0,7,69.3,0,1
371,1,2,1,0,1,0,55.4417,1,1
372,3,1,1,0,1,0,6.4958,1,0
373,3,1,0,0,1,0,8.05,0,0
374,1,2,0,0,1,0,135.6333,0,0
375,3,1,3,1,0,2,21.075,4,0
377,3,1,0,0,0,2,7.25,0,1
378,1,2,0,2,1,0,211.5,2,0
379,3,2,0,0,1,0,4.0125,0,0
380,3,1,0,0,1,0,7.775,0,0
381,1,2,0,0,0,2,227.525,0,1
382,3,2,0,2,0,2,15.7417,2,1
383,3,1,0,0,1,0,7.925,0,0
384,1,1,1,0,0,1,52.0,1,1
386,2,1,0,0,1,0,73.5,0,0
387,3,1,5,2,1,3,46.9,7,0
388,2,1,0,0,0,2,13.0,0,1
390,2,2,0,0,0,2,12.0,0,1
391,1,1,1,2,1,0,120.0,3,1
392,3,1,0,0,1,0,7.7958,0,1
393,3,1,2,0,1,0,7.925,2,0
394,1,2,1,0,0,2,113.275,1,1
395,3,1,0,2,0,1,16.7,2,1
396,3,1,0,0,1,0,7.7958,0,0
397,3,1,0,0,0,2,7.8542,0,0
398,2,1,0,0,1,0,26.0,0,0
399,2,1,0,0,1,6,10.5,0,0
400,2,1,0,0,0,1,12.65,0,1
401,3,1,0,0,1,0,7.925,0,1
402,3,1,0,0,1,0,8.05,0,0
403,3,1,1,0,0,2,9.825,1,0
404,3,1,1,0,1,0,15.85,1,0
405,3,1,0,0,0,2,8.6625,0,0
406,2,1,1,0,1,0,21.0,1,0
407,3,1,0,0,1,0,7.75,0,0
408,2,1,1,1,1,3,18.75,2,1
409,3,1,0,0,1,0,7.775,0,0
413,1,3,1,0,0,2,90.0,1,1
415,3,1,0,0,1,0,7.925,0,1
417,2,1,1,1,0,1,32.5,2,1
418,2,1,0,2,0,2,13.0,2,1
419,2,1,0,0,1,0,13.0,0,0
420,3,1,0,2,0,2,24.15,2,0
422,3,3,0,0,1,0,7.7333,0,0
423,3,1,0,0,1,0,7.875,0,0
424,3,1,1,1,0,1,14.4,2,0
425,3,1,1,1,1,0,20.2125,2,0
427,2,1,1,0,0,1,26.0,1,1
428,2,1,0,0,0,2,26.0,0,1
430,3,1,0,0,1,0,8.05,0,1
431,1,1,0,0,1,0,26.55,0,1
433,2,1,1,0,0,1,26.0,1,1
434,3,1,0,0,1,0,7.125,0,0
435,1,1,1,0,1,0,55.9,1,0
436,1,1,1,2,0,2,120.0,3,1
437,3,1,2,2,0,2,34.375,4,0
438,2,1,2,3,0,1,18.75,5,1
439,1,1,1,4,1,0,263.0,5,0
440,2,1,0,0,1,0,10.5,0,0
441,2,1,1,1,0,1,26.25,2,1
442,3,1,0,0,1,0,9.5,0,0
443,3,1,1,0,1,0,7.775,1,0
444,2,1,0,0,0,8,13.0,0,1
446,1,1,0,2,1,3,81.8583,2,1
447,2,1,0,1,0,2,19.5,1,1
448,1,1,0,0,1,0,26.55,0,1
449,3,2,2,1,0,2,19.2583,3,1
450,1,1,0,0,1,9,30.5,0,1
451,2,1,1,2,1,0,27.75,3,0
453,1,2,0,0,1,0,27.75,0,0
454,1,2,1,0,1,0,89.1042,1,1
456,3,2,0,0,1,0,7.8958,0,1
457,1,1,0,0,1,0,26.55,0,0
459,2,1,0,0,0,2,10.5,0,1
461,1,1,0,0,1,0,26.55,0,1
462,3,1,0,0,1,0,8.05,0,0
463,1,1,0,0,1,0,38.5,0,0
464,2,1,0,0,1,0,13.0,0,0
466,3,1,0,0,1,0,7.05,0,0
468,1,1,0,0,1,0,26.55,0,0
470,3,2,2,1,0,2,19.2583,3,1
472,3,1,0,0,1,0,8.6625,0,0
473,2,1,1,2,0,1,27.75,3,1
474,2,2,0,0,0,1,13.7917,0,1
475,3,1,0,0,0,2,9.8375,0,0
477,2,1,1,0,1,0,21.0,1,0
478,3,1,1,0,1,0,7.0458,1,0
479,3,1,0,0,1,0,7.5208,0,0
480,3,1,0,1,0,2,12.2875,1,1
481,3,1,5,2,1,3,46.9,7,0
483,3,1,0,0,1,0,8.05,0,0
484,3,1,0,0,0,1,9.5875,0,1
485,1,2,1,0,1,0,91.0792,1,1
487,1,1,1,0,0,1,90.0,1,1
488,1,2,0,0,1,0,29.7,0,0
489,3,1,0,0,1,0,8.05,0,0
490,3,1,1,1,1,3,15.9,2,1
492,3,1,0,0,1,0,7.25,0,0
493,1,1,0,0,1,0,30.5,0,0
494,1,2,0,0,1,0,49.5042,0,0
495,3,1,0,0,1,0,8.05,0,0
497,1,2,1,0,0,2,78.2667,1,1
499,1,1,1,2,0,1,151.55,3,0
500,3,1,0,0,1,0,7.7958,0,0
501,3,1,0,0,1,0,8.6625,0,0
502,3,3,0,0,0,2,7.75,0,0
504,3,1,0,0,0,2,9.5875,0,0
505,1,1,0,0,0,2,86.5,0,1
506,1,2,1,0,1,0,108.9,1,0
507,2,1,0,2,0,1,26.0,2,1
509,3,1,0,0,1,0,22.525,0,0
510,3,1,0,0,1,0,56.4958,0,1
511,3,3,0,0,1,0,7.75,0,1
513,1,1,0,0,1,0,26.2875,0,1
514,1,2,1,0,0,1,59.4,1,1
515,3,1,0,0,1,0,7.4958,0,0
516,1,1,0,0,1,0,34.0208,0,0
517,2,1,0,0,0,1,10.5,0,1
519,2,1,1,0,0,1,26.0,1,1
520,3,1,0,0,1,0,7.8958,0,0
521,1,1,0,0,0,2,93.5,0,1
522,3,1,0,0,1,0,7.8958,0,0
524,1,2,0,1,0,1,57.9792,1,1
526,3,3,0,0,1,0,7.75,0,0
527,2,1,0,0,0,2,10.5,0,1
529,3,1,0,0,1,0,7.925,0,0
530,2,1,2,1,1,0,11.5,3,0
531,2,1,1,1,0,2,26.0,2,1
533,3,2,1,1,1,0,7.2292,2,0
535,3,1,0,0,0,2,8.6625,0,0
536,2,1,0,2,0,2,26.25,2,1
537,1,1,0,0,1,9,26.55,0,0
538,1,2,0,0,0,2,106.425,0,1
540,1,2,0,2,0,2,49.5,2,1
541,1,1,0,2,0,2,71.0,2,1
542,3,1,4,2,0,2,31.275,6,0
543,3,1,4,2,0,2,31.275,6,0
544,2,1,1,0,1,0,26.0,1,1
545,1,2,1,0,1,0,106.425,1,0
546,1,1,0,0,1,0,26.0,0,0
547,2,1,1,0,0,1,26.0,1,1
549,3,1,1,1,1,0,20.525,2,0
550,2,1,1,1,1,3,36.75,2,1
551,1,2,0,2,1,0,110.8833,2,1
552,2,1,0,0,1,0,26.0,0,0
554,3,2,0,0,1,0,7.225,0,1
555,3,1,0,0,0,2,7.775,0,1
556,1,1,0,0,1,0,26.55,0,0
557,1,2,1,0,0,10,39.6,1,1
559,1,1,1,1,0,1,79.65,2,1
560,3,1,1,0,0,1,17.4,1,1
562,3,1,0,0,1,0,7.8958,0,0
563,2,1,0,0,1,0,13.5,0,0
566,3,1,2,0,1,0,24.15,2,0
567,3,1,0,0,1,0,7.8958,0,0
568,3,1,0,4,0,1,21.075,4,0
570,3,1,0,0,1,0,7.8542,0,1
571,2,1,0,0,1,0,10.5,0,1
572,1,1,2,0,0,1,51.4792,2,1
573,1,1,0,0,1,0,26.3875,0,1
575,3,1,0,0,1,0,8.05,0,0
576,3,1,0,0,1,0,14.5,0,0
577,2,1,0,0,0,2,13.0,0,1
578,1,1,1,0,0,1,55.9,1,1
580,3,1,0,0,1,0,7.925,0,1
581,2,1,1,1,0,2,30.0,2,1
582,1,2,1,1,0,1,110.8833,2,1
583,2,1,0,0,1,0,26.0,0,0
584,1,2,0,0,1,0,40.125,0,0
586,1,1,0,2,0,2,79.65,2,1
587,2,1,0,0,1,0,15.0,0,0
588,1,2,1,1,1,0,79.2,2,1
589,3,1,0,0,1,0,8.05,0,0
591,3,1,0,0,1,0,7.125,0,0
592,1,2,1,0,0,1,78.2667,1,1
593,3,1,0,0,1,0,7.25,0,0
595,2,1,1,0,1,0,26.0,1,0
596,3,1,1,1,1,0,24.15,2,0
598,3,1,0,0,1,0,0.0,0,0
600,1,2,1,0,1,11,56.9292,1,1
601,2,1,2,1,0,1,27.0,3,1
604,3,1,0,0,1,0,8.05,0,0
605,1,2,0,0,1,0,26.55,0,1
606,3,1,1,0,1,0,15.55,1,0
607,3,1,0,0,1,0,7.8958,0,0
608,1,1,0,0,1,0,30.5,0,1
609,2,2,1,2,0,1,41.5792,3,1
610,1,1,0,0,0,2,153.4625,0,1
611,3,1,1,5,0,1,31.275,6,0
615,3,1,0,0,1,0,8.05,0,0
616,2,1,1,2,0,2,65.0,3,1
617,3,1,1,1,1,0,14.4,2,0
618,3,1,1,0,0,1,16.1,1,0
619,2,1,2,1,0,2,39.0,3,1
620,2,1,0,0,1,0,10.5,0,0
621,3,2,1,0,1,0,14.4542,1,0
622,1,1,1,0,1,0,52.5542,1,1
623,3,2,1,1,1,0,15.7417,2,1
624,3,1,0,0,1,0,7.8542,0,0
625,3,1,0,0,1,0,16.1,0,0
626,1,1,0,0,1,0,32.3208,0,0
627,2,3,0,0,1,5,12.35,0,0
628,1,1,0,0,0,2,77.9583,0,1
629,3,1,0,0,1,0,7.8958,0,0
631,1,1,0,0,1,0,30.0,0,1
632,3,1,0,0,1,0,7.0542,0,0
633,1,2,0,0,1,6,30.5,0,1
635,3,1,3,2,0,2,27.9,5,0
636,2,1,0,0,0,2,13.0,0,1
637,3,1,0,0,1,0,7.925,0,0
638,2,1,1,1,1,0,26.25,2,0
639,3,1,0,5,0,1,39.6875,5,0
641,3,1,0,0,1,0,7.8542,0,0
642,1,2,0,0,0,12,69.3,0,1
643,3,1,3,2,0,2,27.9,5,0
645,3,2,2,1,0,2,19.2583,3,1
646,1,2,1,0,1,0,76.7292,1,1
647,3,1,0,0,1,0,7.8958,0,0
648,1,2,0,0,1,13,35.5,0,1
650,3,1,0,0,0,2,7.55,0,1
652,2,1,0,1,0,2,23.0,1,1
653,3,1,0,0,1,0,8.4333,0,0
655,3,3,0,0,0,2,6.75,0,0
656,2,1,2,0,1,0,73.5,2,0
658,3,3,1,1,0,1,15.5,2,0
659,2,1,0,0,1,0,13.0,0,0
660,1,2,0,2,1,0,113.275,2,0
661,1,1,2,0,1,6,133.65,2,1
662,3,2,0,0,1,0,7.225,0,0
663,1,1,0,0,1,0,25.5875,0,0
664,3,1,0,0,1,0,7.4958,0,0
665,3,1,1,0,1,0,7.925,1,1
666,2,1,2,0,1,0,73.5,2,0
667,2,1,0,0,1,0,13.0,0,0
669,3,1,0,0,1,0,8.05,0,0
671,2,1,1,1,0,1,39.0,2,1
672,1,1,1,0,1,0,52.0,1,0
673,2,1,0,0,1,0,10.5,0,0
674,2,1,0,0,1,0,13.0,0,1
676,3,1,0,0,1,0,7.775,0,0
677,3,1,0,0,1,0,8.05,0,0
678,3,1,0,0,0,2,9.8417,0,1
679,3,1,1,6,0,1,46.9,7,0
680,1,2,0,1,1,0,512.3292,1,1
682,1,2,0,0,1,0,76.7292,0,1
683,3,1,0,0,1,0,9.225,0,0
684,3,1,5,2,1,0,46.9,7,0
685,2,1,1,1,1,0,39.0,2,0
686,2,2,1,2,1,0,41.5792,3,0
687,3,1,4,1,1,0,39.6875,5,0
688,3,1,0,0,1,0,10.1708,0,0
689,3,1,0,0,1,0,7.7958,0,0
690,1,1,0,1,0,2,211.3375,1,1
691,1,1,1,0,1,0,57.0,1,1
692,3,2,0,1,0,2,13.4167,1,1
694,3,2,0,0,1,0,7.225,0,0
695,1,1,0,0,1,13,26.55,0,0
696,2,1,0,0,1,0,13.5,0,0
697,3,1,0,0,1,0,8.05,0,0
699,1,2,1,1,1,0,110.8833,2,0
700,3,1,0,0,1,0,7.65,0,0
701,1,2,1,0,0,1,227.525,1,1
702,1,1,0,0,1,0,26.2875,0,1
703,3,2,0,1,0,2,14.4542,1,0
704,3,3,0,0,1,0,7.7417,0,0
705,3,1,1,0,1,0,7.8542,1,0
706,2,1,0,0,1,0,26.0,0,0
707,2,1,0,0,0,1,13.5,0,1
708,1,1,0,0,1,0,26.2875,0,1
709,1,1,0,0,0,2,151.55,0,1
711,1,2,0,0,0,12,49.5042,0,1
713,1,1,1,0,1,0,52.0,1,1
714,3,1,0,0,1,0,9.4833,0,0
715,2,1,0,0,1,0,13.0,0,0
716,3,1,0,0,1,0,7.65,0,0
717,1,2,0,0,0,2,227.525,0,1
718,2,1,0,0,0,2,10.5,0,1
720,3,1,0,0,1,0,7.775,0,0
721,2,1,0,1,0,2,33.0,1,1
722,3,1,1,0,1,0,7.0542,1,0
723,2,1,0,0,1,0,13.0,0,0
724,2,1,0,0,1,0,13.0,0,0
725,1,1,1,0,1,0,53.1,1,1
726,3,1,0,0,1,0,8.6625,0,0
727,2,1,3,0,0,1,21.0,3,1
729,2,1,1,0,1,0,26.0,1,0
730,3,1,1,0,0,2,7.925,1,0
731,1,1,0,0,0,2,211.3375,0,1
732,3,2,0,0,1,0,18.7875,0,0
734,2,1,0,0,1,0,13.0,0,0
735,2,1,0,0,1,0,13.0,0,0
736,3,1,0,0,1,0,16.1,0,0
737,3,1,1,3,0,1,34.375,4,0
738,1,2,0,0,1,0,512.3292,0,1
742,1,1,1,0,1,0,78.85,1,0
743,1,2,2,2,0,2,262.375,4,1
744,3,1,1,0,1,0,16.1,1,0
745,3,1,0,0,1,0,7.925,0,1
746,1,1,1,1,1,14,71.0,2,0
747,3,1,1,1,1,0,20.25,2,0
748,2,1,0,0,0,2,13.0,0,1
749,1,1,1,0,1,0,53.1,1,0
750,3,3,0,0,1,0,7.75,0,0
751,2,1,1,1,0,2,23.0,2,1
752,3,1,0,1,1,3,12.475,1,1
753,3,1,0,0,1,0,9.5,0,0
754,3,1,0,0,1,0,7.8958,0,0
755,2,1,1,2,0,1,65.0,3,1
756,2,1,1,1,1,3,14.5,2,1
757,3,1,0,0,1,0,7.7958,0,0
758,2,1,0,0,1,0,11.5,0,0
759,3,1,0,0,1,0,8.05,0,0
760,1,1,0,0,0,15,86.5,0,1
762,3,1,0,0,1,0,7.125,0,0
763,3,2,0,0,1,0,7.2292,0,1
764,1,1,1,2,0,1,120.0,3,1
765,3,1,0,0,1,0,7.775,0,0
766,1,1,1,0,0,1,77.9583,1,1
768,3,3,0,0,0,2,7.75,0,0
770,3,1,0,0,1,0,8.3625,0,0
771,3,1,0,0,1,0,9.5,0,0
772,3,1,0,0,1,0,7.8542,0,0
773,2,1,0,0,0,1,10.5,0,0
775,2,1,1,3,0,1,23.0,4,1
776,3,1,0,0,1,0,7.75,0,0
778,3,1,0,0,0,2,12.475,0,1
780,1,1,0,1,0,1,211.3375,1,1
781,3,2,0,0,0,2,7.2292,0,1
782,1,1,1,0,0,1,57.0,1,1
783,1,1,0,0,1,0,30.0,0,0
785,3,1,0,0,1,0,7.05,0,0
786,3,1,0,0,1,0,7.25,0,0
787,3,1,0,0,0,2,7.4958,0,1
788,3,3,4,1,1,3,29.125,5,0
789,3,1,1,2,1,3,20.575,3,1
790,1,2,0,0,1,0,79.2,0,0
792,2,1,0,0,1,0,26.0,0,0
795,3,1,0,0,1,0,7.8958,0,0
796,2,1,0,0,1,0,13.0,0,0
797,1,1,0,0,0,6,25.9292,0,1
798,3,1,0,0,0,1,8.6833,0,1
799,3,2,0,0,1,0,7.2292,0,0
800,3,1,1,1,0,1,24.15,2,0
801,2,1,0,0,1,0,13.0,0,0
802,2,1,1,1,0,1,26.25,2,1
803,1,1,1,2,1,3,120.0,3,1
804,3,2,0,1,1,3,8.5167,1,1
805,3,1,0,0,1,0,6.975,0,1
806,3,1,0,0,1,0,7.775,0,0
807,1,1,0,0,1,0,0.0,0,0
808,3,1,0,0,0,2,7.775,0,0
809,2,1,0,0,1,0,13.0,0,0
810,1,1,1,0,0,1,53.1,1,1
811,3,1,0,0,1,0,7.8875,0,0
812,3,1,0,0,1,0,24.15,0,0
813,2,1,0,0,1,0,10.5,0,0
814,3,1,4,2,0,2,31.275,6,0
815,3,1,0,0,1,0,8.05,0,0
817,3,1,0,0,0,2,7.925,0,0
818,2,2,1,1,1,0,37.0042,2,0
819,3,1,0,0,1,0,6.45,0,0
820,3,1,3,2,1,3,27.9,5,0
821,1,1,1,1,0,1,93.5,2,1
822,3,1,0,0,1,0,8.6625,0,1
823,1,1,0,0,1,16,0.0,0,0
824,3,1,0,1,0,1,12.475,1,1
825,3,1,4,1,1,3,39.6875,5,0
828,2,2,0,2,1,3,37.0042,2,1
830,1,4,0,0,0,1,80.0,0,1
831,3,2,1,0,0,1,14.4542,1,1
832,2,1,1,1,1,3,18.75,2,1
834,3,1,0,0,1,0,7.8542,0,0
835,3,1,0,0,1,0,8.3,0,0
836,1,2,1,1,0,2,83.1583,2,1
837,3,1,0,0,1,0,8.6625,0,0
839,3,1,0,0,1,0,56.4958,0,1
841,3,1,0,0,1,0,7.925,0,0
842,2,1,0,0,1,0,10.5,0,0
843,1,2,0,0,0,2,31.0,0,1
844,3,2,0,0,1,0,6.4375,0,0
845,3,1,0,0,1,0,8.6625,0,0
846,3,1,0,0,1,0,7.55,0,0
848,3,2,0,0,1,0,7.8958,0,0
849,2,1,0,1,1,5,33.0,1,0
851,3,1,4,2,1,3,31.275,6,0
852,3,1,0,0,1,0,7.775,0,0
853,3,2,1,1,0,2,15.2458,2,0
854,1,1,0,1,0,2,39.4,1,1
855,2,1,1,0,0,1,26.0,1,0
856,3,1,0,1,0,1,9.35,1,1
857,1,1,1,1,0,1,164.8667,2,1
858,1,1,0,0,1,0,26.55,0,1
859,3,2,0,3,0,1,19.2583,3,1
861,3,1,2,0,1,0,14.1083,2,0
862,2,1,1,0,1,0,11.5,1,0
863,1,1,0,0,0,1,25.9292,0,1
865,2,1,0,0,1,0,13.0,0,0
866,2,1,0,0,0,1,13.0,0,1
867,2,2,1,0,0,2,13.8583,1,1
868,1,1,0,0,1,0,50.4958,0,0
870,3,1,1,1,1,3,11.1333,2,1
871,3,1,0,0,1,0,7.8958,0,0
872,1,1,1,1,0,1,52.5542,2,1
873,1,1,0,0,1,0,5.0,0,0
874,3,1,0,0,1,0,9.0,0,0
875,2,2,1,0,0,1,24.0,1,1
876,3,2,0,0,0,2,7.225,0,1
877,3,1,0,0,1,0,9.8458,0,0
878,3,1,0,0,1,0,7.8958,0,0
880,1,2,0,1,0,1,83.1583,1,1
881,2,1,0,1,0,1,26.0,1,1
882,3,1,0,0,1,0,7.8958,0,0
883,3,1,0,0,0,2,10.5167,0,0
884,2,1,0,0,1,0,10.5,0,0
885,3,1,0,0,1,0,7.05,0,0
886,3,3,0,5,0,1,29.125,5,0
887,2,1,0,0,1,5,13.0,0,0
888,1,1,0,0,0,2,30.0,0,1
890,1,2,0,0,1,0,30.0,0,1
891,3,3,0,0,1,0,7.75,0,0
